Workbook

Sheet semantics_nouns
A1: lemma_kek | B1: countability_kek | C1: gloss_en | D1: gloss_en_f | E1: countability_en | F1: gloss_es | G1: gloss_es_f | H1: gender_es | I1: countability_es | J1: class | K1: loan | L1: notes | M1: p_weight | N1: p_debug_percent
A2: polem | B2: count | C2: abandoned house | E2: count | F2: casa abandonada | H2: f | I2: count | J2: building | K2: FALSE | M2: 7025.329 | N2: 2.5914783
A3: aj ajlanel | B3: count | C3: accountant | E3: count | F3: contador | G3: contadora | H3: m | I3: count | J3: occupation | K3: FALSE | M3: 443.26829 | N3: 0.16351123
A4: saaj poyanam | B4: count | C4: adolescent | E4: count | F4: adolescente | H4: m | I4: count | J4: human | K4: FALSE
A5: saaj al | B5: count | C5: adolescent boy | E5: count | F5: niño adolescente | H5: m | I5: count | J5: human | K5: FALSE
A6: saaj ixqa'al | B6: count | C6: adolescent girl | E6: count | F6: niña adolescente | H6: f | I6: count | J6: human | K6: FALSE
A7: nimla poyanam | B7: count | C7: adult | E7: count | F7: adulto | G7: adulta | H7: m | I7: count | J7: human | K7: FALSE
A8: ik'e | B8: count | C8: agave plant | E8: count | F8: maguey | H8: m | I8: count | J8: plant | K8: FALSE | M8: 1819.7009 | N8: 0.67124476
A9: lotz | B9: mass | C9: agua ardiente | E9: mass | F9: agua ardiente | H9: f | I9: mass | J9: beverage | K9: FALSE | L9: a distilled alcoholic spirit | M9: 4570.8819 | N9: 1.6860906
A10: ha' na'kaltesin | B10: mass | C10: alcohol | E10: mass | F10: alcohol | H10: m | I10: mass | J10: beverage | K10: FALSE | L10: alcohol (beverage) | M10: 1183.9499 | N10: 0.43673122
A11: ahin | B11: count | C11: alligator | E11: count | F11: lagarto | H11: m | I11: count | J11: animal_wild | K11: FALSE | M11: 179.19807 | N11: 0.066101945
A12: artal | B12: count | C12: altar | E12: count | F12: altar | H12: m | I12: count | J12: artifact | K12: TRUE | M12: 493.55247 | N12: 0.18205987
A13: sank | B13: count | C13: ant | E13: count | F13: hormiga | H13: f | I13: count | J13: insect | K13: FALSE | M13: 374.39784 | N13: 0.13810654
A14: tz'uq'tz'un | B14: count | C14: anteater | E14: count | F14: tamandúa | H14: f | I14: count | J14: animal_wild | K14: FALSE | M14: 33.113112 | N14: 0.012214647
A15: misik | B15: count | C15: antenna | E15: count | F15: antena | H15: f | I15: count | J15: body_part | K15: FALSE | L15: insect antenna
A16: yupus | B16: count | C16: anus | E16: count | F16: ano | H16: m | I16: count | J16: body_part | K16: FALSE | M16: 357.54716 | N16: 0.13189072
A17: aj yoob'ahom kab'l | B17: count | C17: architect | E17: count | F17: arquitecto | G17: arquitecta | H17: m | I17: count | J17: occupation | K17: FALSE | M17: 524.80746 | N17: 0.1935891
A18: tel | B18: count | C18: arm | E18: count | F18: brazo | H18: m | I18: count | J18: body_part | K18: FALSE | M18: 1423.4209 | N18: 0.52506641
A19: ib'oy | B19: count | C19: armadillo | E19: count | F19: cusuco | H19: m | I19: count | J19: animal_wild | K19: FALSE | L19: from Nahuatl | M19: 63.095734 | N19: 0.023274529
A20: seel xul | B20: count | C20: armadillo | E20: count | F20: cusuco | H20: m | I20: count | J20: animal_wild | K20: FALSE | L20: from Nahuatl | M20: 63.095734 | N20: 0.023274529
A21: aj yoob'anel | B21: count | C21: artist | E21: count | F21: artista | H21: m | I21: count | J21: occupation | K21: FALSE | M21: 1584.8932 | N21: 0.58462974
A22: ch'amb'ul | B22: mass | C22: atol xuco | E22: mass | F22: atol xuco | H22: m | I22: mass | J22: beverage | K22: FALSE | L22: a corn-based drink, thick and usually containing, salt, chili pepper, and black bean | M22: 21.544347 | N22: 0.0079472018
A23: aj nawol chaq'rab' | B23: count | C23: attorney | E23: count | F23: abogado | G23: abogada | H23: m | I23: count | J23: occupation | K23: FALSE | M23: 1513.5612 | N23: 0.55831707
A24: ikan na' | B24: count | C24: aunt | E24: count | F24: tía | H24: f | I24: count | J24: kinship | K24: FALSE | M24: 794.32823 | N24: 0.29300896
A25: o | B25: count | C25: avocado | E25: count | F25: aguacate | H25: m | I25: count | J25: fruit | K25: FALSE
A26: maal | B26: count | C26: axe | E26: count | F26: hacha | H26: f | I26: count | J26: tool | K26: FALSE | M26: 336.25339 | N26: 0.12403595
A27: k'uula'al | B27: count | C27: baby | E27: count | F27: bebé | H27: m | I27: count | J27: human | K27: FALSE
A28: ix | B28: count | C28: back | E28: count | F28: espalda | H28: f | I28: count | J28: body_part | K28: FALSE | M28: 10633.266 | N28: 3.9223611
A29: xalb'ek | B29: count | C29: bag | E29: count | F29: bolsa | H29: f | I29: count | J29: container | K29: FALSE
A30: simb' | B30: mass | C30: bamboo | E30: mass | F30: bambú | H30: m | I30: mass | J30: plant | K30: FALSE | M30: 271.22726 | N30: 0.10004934
A31: tul | B31: count | C31: banana | E31: count | F31: plátano | H31: m | I31: count | J31: fruit | K31: FALSE | M31: 464.15888 | N31: 0.17121727
A32: yach’ | B32: count | C32: band | E32: count | F32: banda | H32: f | I32: count | K32: FALSE | L32: a band to tie with
A33: aj b'esol ismal | B33: count | C33: barber | E33: count | F33: peluquero | G33: peluquera | H33: m | I33: count | J33: occupation | K33: FALSE | M33: 346.73685 | N33: 0.12790305
A34: kachuuch' | B34: count | C34: baseball cap | E34: count | F34: gorra | H34: f | I34: count | J34: clothing | K34: FALSE | M34: 1063.3266 | N34: 0.39223611
A35: chakach | B35: count | C35: basket | E35: count | F35: canasta | H35: f | I35: count | J35: container | K35: FALSE | M35: 516.81289 | N35: 0.19064009
A36: ch'ok'oj | B36: count | C36: bat | E36: count | F36: murciélago | H36: m | I36: count | J36: animal_wild | K36: FALSE | M36: 735.64225 | N36: 0.27136109
A37: sotz' | B37: count | C37: bat | E37: count | F37: murciélago | H37: m | I37: count | J37: animal_wild | K37: FALSE | M37: 735.64225 | N37: 0.27136109
A38: tz'amb'a | B38: count | C38: beam | E38: count | F38: viga | H38: f | I38: count | J38: wood | K38: FALSE | L38: wooden beam | M38: 575.43994 | N38: 0.21226623
A39: k'ab'el | B39: mass | C39: bean soup | E39: mass | F39: sopa de frijoles | H39: f | I39: mass | J39: food | K39: FALSE | M39: 584.34141 | N39: 0.21554977
A40: xut' | B40: count | C40: bean tamale | E40: count | F40: tamalito de frijol | H40: m | I40: count | J40: food | K40: FALSE | M40: 450.12521 | N40: 0.16604058
A41: t'uy | B41: count | C41: beanie | E41: count | F41: gorro | H41: m | I41: count | J41: clothing | K41: FALSE | L41: knit cap | M41: 243.59404 | N41: 0.089856101
A42: tz'uq'tz'un | B42: count | C42: bear | E42: count | F42: oso | H42: m | I42: count | J42: animal_wild | K42: FALSE | M42: 33.113112 | N42: 0.012214647
A43: ch'aat | B43: count | C43: bed | E43: count | F43: cama | H43: f | I43: count | J43: furniture | K43: FALSE | L43: From: S. Steward, Q'eqchi' Grammar | M43: 2398.8329 | N43: 0.88487292
A44: xtib'el wakax | B44: mass | C44: beef | E44: mass | F44: res | H44: m | I44: mass | J44: food | K44: FALSE
A45: taxanx | B45: mass | C45: beef jerky | E45: mass | F45: carne seca | H45: f | I45: mass | J45: food | K45: FALSE | M45: 1659.5869 | N45: 0.61218249
A46: k'ap | B46: count | C46: beehive | E46: count | F46: colmena | H46: f | I46: count | J46: place | K46: FALSE
A47: aj ch'uk | B47: count | C47: beggar | E47: count | F47: mendigo | G47: mendiga | H47: m | I47: count | J47: human | K47: FALSE
A48: sa' | B48: count | C48: belly | E48: count | F48: panza | H48: f | I48: count | J48: body_part | K48: FALSE | M48: 884.43652 | N48: 0.32624779
A49: tokan | B49: count | C49: berry | E49: count | F49: mora | H49: f | I49: count | J49: fruit
A50: b'aqlaq ch'iich' | B50: count | C50: bicycle | E50: count | F50: bicicleta | H50: f | I50: count | J50: vehicle | K50: FALSE | M50: 747.0219 | N50: 0.27555877
A51: k'atk'al | B51: count | C51: big cornfield | E51: count | F51: milpa grande | H51: f | I51: count | J51: place | K51: FALSE | M51: 6025.5959 | N51: 2.2227003
A52: tz'ik | B52: count | C52: bird | E52: count | F52: ave | H52: m | I52: count | J52: animal_wild | K52: FALSE | M52: 1220.8623 | N52: 0.45034731
A53: kaxpo'ot | B53: count | C53: blouse | E53: count | F53: blusa | H53: f | I53: count | J53: clothing | K53: FALSE | L53: blouse (non-traditional) | M53: 225.59701 | N53: 0.083217418
A54: po'ot | B54: count | C54: blouse | E54: count | F54: blusa | H54: f | I54: count | J54: clothing | K54: FALSE | L54: blouse (traditional) | M54: 225.59701 | N54: 0.083217418
A55: keji xul | B55: count | C55: boa constrictor | E55: count | F55: boa constrictor | H55: f | I55: count | J55: animal_wild | K55: FALSE | M55: 131.82567 | N55: 0.048627384
A56: ch'o hix | B56: count | C56: bobcat | E56: count | F56: gato montés | H56: m | I56: count | J56: animal_wild | K56: FALSE | M56: 1202.2644 | N56: 0.44348701
A57: k'uuleb'aal tasal hu | B57: count | C57: bookshelf | E57: count | F57: librero | H57: m | I57: count | J57: furniture | K57: FALSE
A58: meet | B58: count | C58: bottle | E58: count | F58: botella | H58: f | I58: count | J58: container | K58: FALSE | M58: 1113.4396 | N58: 0.41072163
A59: saaj al | B59: count | C59: boy | E59: count | F59: niño | H59: m | I59: count | J59: human | K59: FALSE
A60: ulul | B60: count | C60: brain | E60: count | F60: cerebro | H60: m | I60: count | J60: body_part | K60: FALSE | M60: 1964.8678 | N60: 0.72479341
A61: kaxlan wa | B61: count | C61: bread | E61: count | F61: pan | H61: m | I61: count | J61: food | K61: FALSE | M61: 1634.3058 | N61: 0.6028569
A62: ch'oolok | B62: count | C62: breastbone | E62: count | F62: esternón | H62: m | I62: count | J62: body_part | K62: FALSE | M62: 65.062887 | N62: 0.024000166
A63: mesleb' | B63: count | C63: broom | E63: count | F63: escoba | H63: f | I63: count | J63: tool | K63: FALSE
A64: as | B64: count | C64: brother | E64: count | F64: hermano | H64: m | I64: count | J64: kinship | K64: FALSE | M64: 2550.7428 | N64: 0.94090889
A65: b'alk | B65: count | C65: brother-in-law | E65: count | F65: cuñado | H65: m | I65: count | J65: kinship | K65: FALSE | M65: 1995.2623 | N65: 0.73600524
A66: yak | B66: count | C66: bush cat | E66: count | F66: tigrillo | H66: m | I66: count | J66: animal_wild | K66: FALSE | M66: 1536.9745 | N66: 0.56695367
A67: aj ka'y tib' | B67: count | C67: butcher | E67: count | F67: carnicero | G67: carnicera | H67: m | I67: count | J67: occupation | K67: FALSE | M67: 316.22777 | N67: 0.11664897
A68: peepem | B68: count | C68: butterfly | E68: count | F68: mariposa | H68: f | I68: count | J68: insect | K68: FALSE | M68: 416.86938 | N68: 0.15377329
A69: pompori | B69: count | C69: butterfly | E69: count | F69: mariposa | H69: f | I69: count | J69: insect | K69: FALSE | L69: a white butterfly | M69: 416.86938 | N69: 0.15377329
A70: kaxlan iswa | B70: count | C70: cake | E70: count | F70: pastel | H70: m | I70: count | J70: food | K70: FALSE | M70: 1047.1285 | N70: 0.38626104
A71: su oq | B71: count | C71: calf | E71: count | F71: pantorrilla | H71: m | I71: count | J71: body_part | K71: FALSE | L71: leg calf | M71: 297.39477 | N71: 0.10970192
A72: aj iiqanel | B72: count | C72: cargo loader | E72: count | F72: camaronero | G72: camaronera | H72: m | I72: count | J72: occupation | K72: FALSE | M72: 621.34575 | N72: 0.2291998
A73: aj pech'ol che' | B73: count | C73: carpenter | E73: count | F73: carpintero | G73: carpintera | H73: m | I73: count | J73: occupation | K73: FALSE | M73: 346.73685 | N73: 0.12790305
A74: q'anxe' | B74: count | C74: carrot | E74: count | F74: zanahoria | H74: f | I74: count | J74: vegetable | K74: FALSE
A75: mes | B75: count | C75: cat | E75: count | F75: gato | H75: m | I75: count | J75: animal_domesticated | K75: FALSE | M75: 1536.9745 | N75: 0.56695367
A76: motzo' | B76: count | C76: caterpillar | E76: count | F76: oruga | H76: f | I76: count | J76: insect | K76: FALSE | L76: From: S. Steward, Q'eqchi' Grammar | M76: 179.19807 | N76: 0.066101945
A77: b'oxcar | B77: count | C77: catfish | E77: count | F77: bagre | H77: m | I77: count | J77: animal_wild | K77: FALSE | M77: 171.13283 | N77: 0.063126867
A78: ochoch pek | B78: count | C78: cave | E78: count | F78: cueva | H78: f | I78: count | J78: place | K78: FALSE
A79: siwan | B79: count | C79: cavern | E79: count | F79: cueva | H79: f | I79: count | J79: place | K79: FALSE | L79: cavern in the ground
A80: inup | B80: count | C80: ceiba tree | E80: count | F80: ceiba | H80: f | I80: count | J80: plant | K80: FALSE | L80: From: S. Steward, Q'eqchi' Grammar | M80: 1711.3283 | N80: 0.63126867
A81: patal | B81: count | C81: centipede | E81: count | F81: ciempiés | H81: m | I81: count | J81: insect | K81: FALSE | M81: 72.443596 | N81: 0.026722735
A82: tem | B82: count | C82: chair | E82: count | F82: silla | H82: f | I82: count | J82: furniture | K82: FALSE
A83: ch'ima | B83: count | C83: chayote | E83: count | F83: guisqul | H83: m | I83: count | J83: vegetable | K83: FALSE
A84: aj k'uub'ahom tzakahemq | B84: count | C84: chef | E84: count | F84: chef | H84: m | I84: count | J84: occupation | K84: FALSE | M84: 660.69345 | N84: 0.24371424
A85: q'oq' | B85: count | C85: chilacayote | E85: count | F85: chilacayote | H85: m | I85: count | J85: vegetable | K85: FALSE
A86: kach'in | B86: count | C86: child | E86: count | F86: niño | G86: niña | H86: m | I86: count | J86: human | K86: FALSE
A87: ik | B87: count | C87: chili pepper | E87: count | F87: chile | H87: m | I87: count | J87: vegetable | K87: FALSE
A88: kakaw | B88: mass | C88: chocolate | E88: mass | F88: chocolate | H88: m | I88: mass | J88: food | K88: FALSE | M88: 984.76665 | N88: 0.36325721
A89: asij | B89: count | C89: cigarette | E89: count | F89: cigarillo | H89: m | I89: count | J89: artifact | K89: TRUE
A90: t'ikr | B90: mass | C90: clothes | E90: plural | F90: ropa | H90: f | I90: mass | J90: clothing | K90: FALSE
A91: aj yiib'ahom xab' | B91: count | C91: cobbler | E91: count | F91: zapatero | G91: zapatera | H91: m | I91: count | J91: occupation | K91: FALSE | M91: 331.13112 | N91: 0.12214647
A92: paachach | B92: count | C92: cockroach | E92: count | F92: cucaracha | H92: f | I92: count | J92: insect | K92: FALSE | M92: 176.46829 | N92: 0.065094991
A93: kape' | B93: mass | C93: coffee | E93: mass | F93: café | H93: m | I93: mass | J93: beverage | K93: FALSE | L93: coffee (beverage) | M93: 1737.8008 | N93: 0.64103376
A94: xiab' | B94: count | C94: comb | E94: count | F94: peine | H94: m | I94: count | J94: tool | K94: FALSE
A95: aj yiib'ahom ululch'iich' | B95: count | C95: computer technician | E95: count | F95: técnico de computadoras | G95: técnica de computadoras | H95: m | I95: count | J95: occupation | K95: FALSE | M95: 2057.4692 | N95: 0.75895188
A96: aj k'uub'anel | B96: count | C96: cook | E96: count | F96: cocinero | G96: cocinera | H96: m | I96: count | J96: occupation | K96: FALSE | M96: 1258.9254 | N96: 0.46438791
A97: ixam | B97: mass | C97: corn | E97: mass | F97: maíz | H97: m | I97: mass | J97: plant | K97: FALSE | M97: 640.71762 | N97: 0.23634563
A98: b'aqlaq | B98: count | C98: corn cob | E98: count | F98: olote | H98: f | I98: mass | J98: corn | K98: FALSE
A99: q'em ha' | B99: count | C99: corn drink | E99: count | F99: agua de masa | H99: f | I99: count | J99: beverage | K99: FALSE
A100: poch | B100: count | C100: corn tamele | E100: count | F100: tamalito de masa | H100: m | I100: count | J100: food | K100: FALSE | M100: 1220.8623 | N100: 0.45034731
...

Sheet to add
A1: lemma_kek | B1: countability_kek | C1: gloss_en | D1: countability_en | E1: gloss_es | F1: gloss_es_f | G1: gender_es | H1: countability_es | I1: class | J1: loan | K1: notes
A2: aj chupul xam | C2: firefighter | E2: bombero | F2: bombera
A3: aj t'anol che' | C3: logger | E3: leñador | F3: leñadora
A4: aj yiib'ahom ch'iich' | C4: mechanic | E4: mecánico | F4: mecánica
C5: pilot | E5: piloto | F5: piloto
C6: psychologist | E6: psicólogo | F6: psicóloga
C7: social worker | E7: trabajador social | F7: trabajadora social
C8: soldier | E8: soldado | F8: soldado
C9: translator | E9: traductor | F9: traductora
C10: writer | E10: =LOWER(_xlfn.TRANSLATE(C10,"en","es")) -> escritor

Sheet Allowed_classes
A1: class
A2: animal_domesticated
A3: animal_wild
A4: artifact
A5: beverage
A6: body_part
A7: building
A8: clothing
A9: container
A10: corn
A11: emotion
A12: event
... A27: wood

Sheet Classes_count
A1: class
A2: animal_domesticated | B2: =COUNTIF(semantics_nouns!J:J,Classes_count!A2) -> 14
A3: animal_wild | B3: =COUNTIF(semantics_nouns!J:J,Classes_count!A3) -> 71
A4: artifact | B4: =COUNTIF(semantics_nouns!J:J,Classes_count!A4) -> 5
A5: beverage | B5: =COUNTIF(semantics_nouns!J:J,Classes_count!A5) -> 6
A6: body_part | B6: =COUNTIF(semantics_nouns!J:J,Classes_count!A6) -> 35
A7: building | B7: =COUNTIF(semantics_nouns!J:J,Classes_count!A7) -> 3
A8: clothing | B8: =COUNTIF(semantics_nouns!J:J,Classes_count!A8) -> 13
A9: container | B9: =COUNTIF(semantics_nouns!J:J,Classes_count!A9) -> 4
A10: corn | B10: =COUNTIF(semantics_nouns!J:J,Classes_count!A10) -> 4
A11: emotion | B11: =COUNTIF(semantics_nouns!J:J,Classes_count!A11) -> 5
A12: food | B12: =COUNTIF(semantics_nouns!J:J,Classes_count!A12) -> 22
A13: fruit | B13: =COUNTIF(semantics_nouns!J:J,Classes_count!A13) -> 13
... A26: wood | B26: =COUNTIF(semantics_nouns!J:J,Classes_count!A26) -> 3
