Workbook

Sheet kek_templates
A1: id | B1: kek | C1: en | D1: es | E1: description | F1: Subject | G1: Transitivity | H1: Tense | I1: Aspect | J1: Mood | K1: Voice | L1: Polarity | M1: Q/S/C | N1: Modifier | O1: example_en | P1: p_value | Q1: variant_dist | R1: p_value_norm
A2: 1 | B2: {OCCUPATION}{AFFIX_PRONOUN}. | C2: {SUBJ_PRONOUN_EN} {BE_EN} {OCCUPATION_EN}. | D2: {SUBJ_PRONOUN_ES} {COP_ES} {OCCUPATION_ES}. | E2: Pronoun with occupation | F2: 1sg | G2: 1-cop | H2: PRS | I2: Simple | K2: Active | L2: aff | M2: Statement | N2: Is occupation | O2: I am a fireman | P2: 0.0041651584 | Q2: 0.125 | R2: 0.00038263041
A3: 2 | B3: {ADJ}{AFFIX_PRONOUN}. | C3: {SUBJ_PRONOUN_EN} {BE_EN} {ADJ_EN}. | D3: {SUBJ_PRONOUN_ES} {COP_ES} {ADJ_ES}. | E3: Pronoun with attribute | F3: 1sg | G3: 1-cop | H3: PRS | I3: Simple | K3: Active | L3: aff | M3: Statement | N3: None | O3: I am big | P3: 0.0041651584 | Q3: 0.5 | R3: 0.0015305216
A4: 3 | B4: {PRED_NP}{AFFIX_PRONOUN}. | C4: {SUBJ_PRONOUN_EN} {BE_EN} {PRED_NP_EN}. | D4: {SUBJ_PRONOUN_ES} {V_SER_ES} {PRED_NP_ES}. | E4: Noun in stative sentence | F4: 1sg | G4: 1-cop | H4: PRS | I4: Simple | K4: Active | L4: aff | M4: Statement | N4: None | O4: I am a boy | P4: 0.0041651584 | Q4: 0.5 | R4: 0.0015305216
A5: 4 | B5: {ADJ}{AFFIX_PRONOUN}. | C5: {SUBJ_PRONOUN_EN} {BE_EN} {ADJ_EN}. | D5: {SUBJ_PRONOUN_ES} {COP_ES} {ADJ_ES}. | E5: Pronoun with attribute | F5: 1pl | G5: 1-cop | H5: PRS | I5: Simple | K5: Active | L5: aff | M5: Statement | N5: None | O5: We are big | P5: 0.0023429016 | Q5: 1 | R5: 0.0017218369
A6: 5 | B6: {OCCUPATION}{AFFIX_PRONOUN}. | C6: {SUBJ_PRONOUN_EN} {BE_EN} {OCCUPATION_EN}. | D6: {SUBJ_PRONOUN_ES} {COP_ES} {OCCUPATION_ES}. | E6: Pronoun with occupation | F6: 2sg | G6: 1-cop | H6: PRS | I6: Simple | K6: Active | L6: aff | M6: Statement | N6: Is occupation | O6: You are a chef | P6: 0.0035971823 | Q6: 0.25 | R6: 0.00066090707
A7: 6 | B7: {ADJ}{AFFIX_PRONOUN}. | C7: {SUBJ_PRONOUN_EN} {BE_EN} {ADJ_EN}. | D7: {SUBJ_PRONOUN_ES} {COP_ES} {ADJ_ES}. | E7: Pronoun with attribute | F7: 2sg | G7: 1-cop | H7: PRS | I7: Simple | K7: Active | L7: aff | M7: Statement | N7: None | O7: You are big | P7: 0.0035971823 | Q7: 1 | R7: 0.0026436283
A8: 7 | B8: {OCCUPATION}{AFFIX_PRONOUN} {SUBJ_PRONOUN}. | C8: {SUBJ_PRONOUN_EN} {BE_EN} {OCCUPATION_EN}. | D8: {SUBJ_PRONOUN_ES} {COP_ES} {OCCUPATION_ES}. | E8: Pronoun with occupation | F8: 3sg | G8: 1-cop | H8: PRS | I8: Simple | K8: Active | L8: aff | M8: Statement | N8: Is occupation | O8: She is a fireman | P8: 0.0027925494 | Q8: 0.25 | R8: 0.0005130726
A9: 8 | B9: {ADJ}{AFFIX_PRONOUN}. | C9: {SUBJ_PRONOUN_EN} {BE_EN} {ADJ_EN}. | D9: {SUBJ_PRONOUN_ES} {COP_ES} {ADJ_ES}. | E9: Pronoun with attribute | F9: 2pl | G9: 1-cop | H9: PRS | I9: Simple | K9: Active | L9: aff | M9: Statement | N9: None | O9: Y'all are big | P9: 0.002023415 | Q9: 1 | R9: 0.0014870409
A10: 9 | B10: {SUBJ_PRONOUN} {OCCUPATION}. | C10: {SUBJ_PRONOUN_EN} {BE_EN} {OCCUPATION_EN}. | D10: {SUBJ_PRONOUN_ES} {COP_ES} {OCCUPATION_ES}. | E10: Pronoun with occupation, more common variant | F10: 3sg | G10: 1-cop | H10: PRS | I10: Simple | K10: Active | L10: aff | M10: Statement | N10: Is occupation | O10: She is a fireman | P10: 0.0027925494 | Q10: 0.75 | R10: 0.0015392178
A11: 10 | B11: {ADJ}{AFFIX_PRONOUN} {SUBJ_PRONOUN}. | C11: {SUBJ_PRONOUN_EN} {BE_EN} {ADJ_EN}. | D11: {SUBJ_PRONOUN_ES} {COP_ES} {ADJ_ES}. | E11: Pronoun with attribute | F11: 3sg | G11: 1-cop | H11: PRS | I11: Simple | K11: Active | L11: aff | M11: Statement | N11: None | O11: He is kind. | P11: 0.0027925494 | Q11: 1 | R11: 0.0020522904
A12: 11 | B12: {OCCUPATION} {NAME}. | C12: {NAME_EN} {BE_EN} {OCCUPATION_EN}. | D12: {NAME_ES} {COP_ES} {OCCUPATION_ES}. | E12: Name with occupation | F12: 3sg - Name | G12: 1-cop | H12: PRS | I12: Simple | K12: Active | L12: aff | M12: Statement | N12: Is occupation | O12: Mateo is a chef | P12: 0.0027925494 | Q12: 1 | R12: 0.0020522904
A13: 12 | B13: {ADJ} {NAME}. | C13: {NAME_EN} {BE_EN} {ADJ_EN}. | D13: {NAME_ES} {COP_ES} {ADJ_ES}. | E13: Attribute predicate: a name described by an adjective. | F13: 3sg - Name | G13: 1-cop | H13: PRS | I13: Simple | K13: Active | L13: aff | M13: Statement | N13: None | O13: Carlos is kind | P13: 0.0027925494 | Q13: 1 | R13: 0.0020522904
... A22: 21 | B22: {ADJ} {POSS_NP}. | C22: {POSS_NP_EN} {BE_EN} {ADJ_EN}. | D22: {POSS_NP_ES} {COP_ES} {ADJ_ES}. | E22: Attributive predicate: a possessed noun described by an adjective. | F22: 3sg - Possesed noun | G22: 1-cop | H22: PRS | I22: Simple | K22: Active | L22: aff | M22: Statement | N22: None | O22: My wife is kind. | P22: 0.0027925494 | Q22: 1 | R22: 0.0020522904
A23: 22 | B23: {WH_LOC} {EXIST} {NAME}? | C23: {WH_LOC_EN} {BE_EN} {NAME_EN}? | D23: ¿{WH_LOC_ES} {COP_ES} {NAME_ES}? | F23: 3sg - Name | G23: 1-cop | H23: PRS | I23: Simple | K23: Active | L23: aff | M23: Where question | N23: None | O23: Where is Mateo? | P23: 0.00023271245 | Q23: 1 | R23: 0.0001710242
A24: 23 | B24: {WH_LOC} {EXIST} {NP}? | C24: {WH_LOC_EN} {BE_EN} {NP_EN}? | D24: ¿{WH_LOC_ES} {COP_ES} {NP_ES}? | E24: WH-locative question about an NP. | F24: 3sg - Noun | G24: 1-cop | H24: PRS | I24: Simple | K24: Active | L24: aff | M24: Where question | N24: None | O24: Where is the phone? | P24: 0.00023271245 | Q24: 1 | R24: 0.0001710242
A25: 24 | B25: {WH_LOC} {EXIST} {NP} {ADJ}? | C25: {WH_LOC_EN} {BE_EN} {ADJ_EN} {NP_EN}? | D25: ¿{WH_LOC_ES} {COP_ES} {ADJ_ES} {NP_ES}? | E25: WH-locative question about a noun with attribute | F25: 3sg - Noun | G25: 1-cop | H25: PRS | I25: Simple | K25: Active | L25: aff | M25: Where question | N25: None | O25: Where is the big phone? | P25: 0.00023271245 | Q25: 1 | R25: 0.0001710242
A26: 26 | B26: {WH_LOC} {EXIST} {POSS_NP_PL}? | C26: {WH_LOC_EN} {BE_EN} {POSS_NP_PL_EN}? | D26: ¿{WH_LOC_ES} {COP_ES} {POSS_NP_PL_ES}? | E26: WH-locative question about a possessed NP. | F26: 3pl - Possessed noun | G26: 1-cop | H26: PRS | I26: Simple | K26: Active | L26: aff | M26: Where question | N26: None | O26: Where are my brothers? | P26: 8.7267168e-05 | Q26: 1 | R26: 6.4134075e-05
A27: 28 | B27: {WH_LOC} {EXIST} {POSS_NP}? | C27: {WH_LOC_EN} {BE_EN} {POSS_NP_EN}? | D27: ¿{WH_LOC_ES} {COP_ES} {POSS_NP_ES}? | E27: WH-locative question about a possessed NP. | F27: 3sg - Possesed noun | G27: 1-cop | H27: PRS | I27: Simple | K27: Active | L27: aff | M27: Where question | N27: None | O27: Where is my phone? | P27: 0.00023271245 | Q27: 1 | R27: 0.0001710242
A28: 29 | B28: {YN_Q_MARKER} {OCCUPATION} {NAME}? | C28: {BE_EN} {NAME_EN} {OCCUPATION_EN}? | D28: ¿{NAME_ES} {COP_ES} {OCCUPATION_ES}? | F28: 3sg - Name | G28: 1-cop | H28: PRS | I28: Simple | K28: Active | L28: aff | M28: Yes/no question | N28: Is occupation | O28: Is Mateo a fireman? | P28: 0.00069813735 | Q28: 1 | R28: 0.0005130726
A29: 30 | B29: {YN_Q_MARKER} {ADJ} {NAME}? | C29: {BE_EN} {NAME_EN} {ADJ_EN}? | D29: ¿{NAME_ES} {COP_ES} {ADJ_ES}? | F29: 3sg - Name | G29: 1-cop | H29: PRS | I29: Simple | K29: Active | L29: aff | M29: Yes/no question | N29: None | O29: Is Carlos kind? | P29: 0.00069813735 | Q29: 1 | R29: 0.0005130726
A30: 31 | B30: {YN_Q_MARKER} {ADJ} {NP}? | C30: {BE_EN} {NP_EN} {ADJ_EN}? | D30: ¿{NP_ES} {COP_ES} {ADJ_ES}? | E30: Yes/no attributive question. | F30: 3sg - Noun | G30: 1-cop | H30: PRS | I30: Simple | K30: Active | L30: aff | M30: Yes/no question | N30: None | O30: Is the house big? | P30: 0.00069813735 | Q30: 1 | R30: 0.0005130726
A31: 32 | B31: {YN_Q_MARKER} {ADJ} {NP}? | C31: {BE_EN} {NP_EN} {ADJ_EN}? | D31: ¿{COP_ES} {ADJ_ES} {NP_ES}? | E31: Yes/no attributive question. Variant for Spanish. | F31: 3sg - Noun | G31: 1-cop | H31: PRS | I31: Simple | K31: Active | L31: aff | M31: Yes/no question | N31: None | O31: Is the house big? | P31: 0.00069813735 | Q31: 1 | R31: 0.0005130726
A32: 33 | B32: {YN_Q_MARKER} {ADJ} {NP_PL}? | C32: {BE_EN} {NP_PL_EN} {ADJ_EN}? | D32: ¿{COP_ES} {NP_PL_ES} {ADJ_ES}? | E32: Yes/no attributive question. | F32: 3pl - Noun def | G32: 1-cop | H32: PRS | I32: Simple | K32: Active | L32: aff | M32: Yes/no question | N32: None | O32: Are the houses big? | P32: 0.00026180151 | Q32: 1 | R32: 0.00019240222
A33: 34 | B33: {YN_Q_MARKER} {ADJ} {NP_PL}? | C33: {BE_EN} {NP_PL_INDEF_EN} {ADJ_EN}? | D33: ¿{COP_ES} {NP_PL_ES} {ADJ_ES}? | E33: Yes/no attributive question. | F33: 3pl - Noun indef | G33: 1-cop | H33: PRS | I33: Simple | K33: Active | L33: aff | M33: Yes/no question | N33: None | O33: Are mice small? | P33: 0.00026180151 | Q33: 1 | R33: 0.00019240222
A34: 35 | B34: {YN_Q_MARKER} {ADJ} {POSS_NP_PL_PRE}? | C34: {BE_EN} {POSS_NP_PL_EN} {ADJ_EN}? | D34: ¿{COP_ES} {ADJ_ES} {POSS_NP_PL_ES}? | E34: Yes/no question for an attributive predicate, possessed noun has preposed plural marker | F34: 3pl - Possessed noun | G34: 1-cop | H34: PRS | I34: Simple | K34: Active | L34: aff | M34: Yes/no question | N34: None | O34: Are my brothers kind? | P34: 0.00026180151 | Q34: 1 | R34: 0.00019240222
A35: 36 | B35: {YN_Q_MARKER} {ADJ} {POSS_NP_PL_POST}? | C35: {BE_EN} {POSS_NP_PL_EN} {ADJ_EN}? | D35: ¿{COP_ES} {ADJ_ES} {POSS_NP_PL_ES}? | E35: Yes/no question for an attributive predicate, possessed noun has postposed plural marker | F35: 3pl - Possessed noun | G35: 1-cop | H35: PRS | I35: Simple | K35: Active | L35: aff | M35: Yes/no question | N35: None | O35: Are my brothers kind? | P35: 0.00026180151 | Q35: 1 | R35: 0.00019240222
A36: 37 | B36: {YN_Q_MARKER} {ADJ} {POSS_NP}? | C36: {BE_EN} {POSS_NP_EN} {ADJ_EN}? | D36: ¿{POSS_NP_ES} {COP_ES} {ADJ_ES}? | E36: Yes/no question for an attributive predicate. | F36: 3sg - Possesed noun | G36: 1-cop | H36: PRS | I36: Simple | K36: Active | L36: aff | M36: Yes/no question | N36: None | O36: Is my wife kind? | P36: 0.00069813735 | Q36: 1 | R36: 0.0005130726
A37: 38 | B37: {YN_Q_MARKER} {ADJ} {POSS_NP}? | C37: {BE_EN} {POSS_NP_EN} {ADJ_EN}? | D37: ¿{COP_ES} {ADJ_ES} {POSS_NP_ES}? | E37: Yes/no question for an attributive predicate. Variant for Spanish. | F37: 3sg - Possesed noun | G37: 1-cop | H37: PRS | I37: Simple | K37: Active | L37: aff | M37: Yes/no question | N37: None | O37: Is my wife kind? | P37: 0.00069813735 | Q37: 1 | R37: 0.0005130726
A38: 39 | B38: {NEG_PRE} {ADJ} {NEG_SUF} {NAME}. | C38: {NAME_EN} {BE_NEG_EN} {ADJ_EN}. | D38: {NAME_ES} {COP_NEG_ES} {ADJ_ES}. | F38: 3sg - Name | G38: 1-cop | H38: PRS | I38: Simple | K38: Active | L38: neg | M38: Statement | N38: None | O38: Carlos is not kind | P38: 0.00049280283 | Q38: 1 | R38: 0.00036216889
A39: 40 | B39: {NEG_PRE} {ADJ} {NEG_SUF} {NP}. | C39: {NP_EN} {BE_NEG_EN} {ADJ_EN}. | D39: {NP_ES} {COP_NEG_ES} {ADJ_ES}. | E39: Negative attributive predicate. | F39: 3sg - Noun | G39: 1-cop | H39: PRS | I39: Simple | K39: Active | L39: neg | M39: Statement | N39: None | O39: The house is not big. | P39: 0.00049280283 | Q39: 1 | R39: 0.00036216889
A40: 41 | B40: {NEG_PRE} {ADJ} {NEG_SUF} {NP_PL}. | C40: {NP_PL_EN} {BE_NEG_EN} {ADJ_EN}. | D40: {NP_PL_ES} {COP_NEG_ES} {ADJ_ES}. | E40: Negative attributive predicate. | F40: 3pl - Noun def | G40: 1-cop | H40: PRS | I40: Simple | K40: Active | L40: neg | M40: Statement | N40: None | O40: The houses are not big. | P40: 0.00018480106 | Q40: 1 | R40: 0.00013581333
A41: 42 | B41: {NEG_PRE} {ADJ} {NEG_SUF} {NP_PL}. | C41: {NP_PL_INDEF_EN} {BE_NEG_EN} {ADJ_EN}. | D41: {NP_PL_ES} {COP_NEG_ES} {ADJ_ES}. | E41: Negative attributive predicate. | F41: 3pl - Noun indef | G41: 1-cop | H41: PRS | I41: Simple | K41: Active | L41: neg | M41: Statement | N41: None | O41: Mice are not big. | P41: 0.00018480106 | Q41: 1 | R41: 0.00013581333
A42: 43 | B42: {NEG_PRE} {ADJ} {NEG_SUF} {POSS_NP_PL_PRE}. | C42: {POSS_NP_PL_EN} {BE_NEG_EN} {ADJ_EN}. | D42: {POSS_NP_PL_ES} {COP_NEG_ES} {ADJ_ES}. | E42: Negative attributive predicate for possessed subject (preposed plural marker) | F42: 3pl - Possessed noun | G42: 1-cop | H42: PRS | I42: Simple | K42: Active | L42: neg | M42: Statement | N42: None | O42: My brothers are not kind. | P42: 0.00018480106 | Q42: 1 | R42: 0.00013581333
A43: 44 | B43: {NEG_PRE} {ADJ} {NEG_SUF} {POSS_NP_PL_POST}. | C43: {POSS_NP_PL_EN} {BE_NEG_EN} {ADJ_EN}. | D43: {POSS_NP_PL_ES} {COP_NEG_ES} {ADJ_ES}. | E43: Negative attributive predicate for possessed subject (postposed plural marker) | F43: 3pl - Possessed noun | G43: 1-cop | H43: PRS | I43: Simple | K43: Active | L43: neg | M43: Statement | N43: None | O43: My brothers are not kind. | P43: 0.00018480106 | Q43: 1 | R43: 0.00013581333
A44: 45 | B44: {NEG_PRE} {ADJ} {NEG_SUF} {POSS_NP}. | C44: {POSS_NP_EN} {BE_NEG_EN} {ADJ_EN}. | D44: {POSS_NP_ES} {COP_NEG_ES} {ADJ_ES}. | E44: Negative attributive predicate for possessed subject. | F44: 3sg - Possesed noun | G44: 1-cop | H44: PRS | I44: Simple | K44: Active | L44: neg | M44: Statement | N44: None | O44: My wife is not kind. | P44: 0.00049280283 | Q44: 1 | R44: 0.00036216889
A45: 49 | B45: {V_INTR_IMP_NEG}! | C45: Don't {V_INTR_BASE_EN}! | D45: {V_INTR_IMP_NEG_ES}! | F45: 2sg | G45: 2-intr | H45: PRS | I45: Simple | J45: IMP | K45: Active | L45: neg | M45: Command | N45: None | O45: Don't dance! | P45: 3.4286868e-05 | Q45: 1 | R45: 2.5197982e-05
A46: 50 | B46: {V_INTR_IMP_NEG_PL}! | C46: Don't {V_INTR_BASE_EN}! | D46: {V_INTR_IMP_USTEDES_NEG_ES}! | F46: 2pl | G46: 2-intr | H46: PRS | I46: Simple | J46: IMP | K46: Active | L46: neg | M46: Command | N46: None | O46: Don't sleep! | P46: 1.9286363e-05 | Q46: 1 | R46: 1.4173865e-05
A47: 51 | B47: {V_INTR_PROG}. | C47: {SUBJ_PRONOUN_EN} {BE_EN} {V_INTR_PROG_EN}. | D47: {SUBJ_PRONOUN_ES} {V_INTR_PROG_ES}. | E47: Intransitive progressive (present) with pronoun subject. | F47: 1sg | G47: 2-intr | H47: PRS | I47: PROG | K47: Active | L47: aff | M47: Statement | N47: None | O47: I am running. | P47: 0.0034709653 | Q47: 1 | R47: 0.0025508694
A48: 52 | B48: {V_INTR_PROG}. | C48: {SUBJ_PRONOUN_EN} {BE_EN} {V_INTR_PROG_EN}. | D48: {SUBJ_PRONOUN_ES} {V_INTR_PROG_ES}. | E48: Intransitive progressive (present) with pronoun subject. | F48: 1pl | G48: 2-intr | H48: PRS | I48: PROG | K48: Active | L48: aff | M48: Statement | N48: None | P48: 0.001952418 | Q48: 1 | R48: 0.001434864
A49: 53 | B49: {V_INTR_PROG}. | C49: {SUBJ_PRONOUN_EN} {BE_EN} {V_INTR_PROG_EN}. | D49: {SUBJ_PRONOUN_ES} {V_INTR_PROG_ES}. | E49: Intransitive progressive (present) with pronoun subject. | F49: 2sg | G49: 2-intr | H49: PRS | I49: PROG | K49: Active | L49: aff | M49: Statement | N49: None | P49: 0.0029976519 | Q49: 1 | R49: 0.0022030236
A50: 54 | B50: {V_INTR_PROG}. | C50: {SUBJ_PRONOUN_EN} {BE_EN} {V_INTR_PROG_EN}. | D50: {SUBJ_PRONOUN_ES} {V_INTR_PROG_ES}. | E50: Intransitive progressive (present) with pronoun subject. | F50: 2pl | G50: 2-intr | H50: PRS | I50: PROG | K50: Active | L50: aff | M50: Statement | N50: None | P50: 0.0016861792 | Q50: 1 | R50: 0.0012392008
A51: 55 | B51: {V_INTR_PROG}. | C51: {SUBJ_PRONOUN_EN} {BE_EN} {V_INTR_PROG_EN}. | D51: {V_INTR_PROG_ES}. | E51: Intransitive progressive (present) with pronoun subject. | F51: 3sg | G51: 2-intr | H51: PRS | I51: PROG | K51: Active | L51: aff | M51: Statement | N51: ES: Headless | O51: He's running | P51: 0.0023271245 | Q51: 1 | R51: 0.001710242
A52: 56 | B52: {V_INTR_PROG}. | C52: {SUBJ_PRONOUN_EN} {BE_EN} {V_INTR_PROG_EN}. | D52: {SUBJ_PRONOUN_ES} {V_INTR_PROG_ES}. | E52: Intransitive progressive (present) with pronoun subject. | F52: 3sg | G52: 2-intr | H52: PRS | I52: PROG | K52: Active | L52: aff | M52: Statement | N52: None | O52: He's running | P52: 0.0023271245 | Q52: 1 | R52: 0.001710242
A53: 57 | B53: {V_INTR_PROG} {NAME}. | C53: {NAME_EN} {BE_EN} {V_INTR_PROG_EN}. | D53: {NAME_ES} {V_INTR_PROG_ES}. | E53: Intransitive progressive (present) with proper-name subject. | F53: 3sg - Name | G53: 2-intr | H53: PRS | I53: PROG | K53: Active | L53: aff | M53: Statement | N53: None | O53: Pedro is coughing. | P53: 0.0023271245 | Q53: 1 | R53: 0.001710242
A54: 58 | B54: {ADV} {V_INTR_PROG} {NP}. | C54: {NP_EN} {BE_EN} {V_INTR_PROG_EN} {ADV_EN}. | D54: {NP_ES} {V_INTR_PROG_ES} {ADV_ES}. | E54: Intransitive progressive (present) with adverb. | F54: 3sg - Noun | G54: 2-intr | H54: PRS | I54: PROG | K54: Active | L54: aff | M54: Statement | N54: Has adverb | O54: The child is running quickly. | P54: 0.0023271245 | Q54: 1 | R54: 0.001710242
A55: 59 | B55: {V_INTR_PROG} {NP}. | C55: {NP_EN} {BE_EN} {V_INTR_PROG_EN}. | D55: {NP_ES} {V_INTR_PROG_ES}. | E55: Intransitive progressive (present) with lexical NP subject. | F55: 3sg - Noun | G55: 2-intr | H55: PRS | I55: PROG | K55: Active | L55: aff | M55: Statement | N55: None | O55: The child is running. | P55: 0.0023271245 | Q55: 1 | R55: 0.001710242
A56: 60 | B56: {V_INTR_PROG}. | C56: {SUBJ_PRONOUN_EN} {BE_EN} {V_INTR_PROG_EN}. | D56: {SUBJ_PRONOUN_ES} {V_INTR_PROG_ES}. | E56: Intransitive progressive (present) with pronoun subject. | F56: 3pl | G56: 2-intr | H56: PRS | I56: PROG | K56: Active | L56: aff | M56: Statement | N56: None | P56: 0.00087267168 | Q56: 1 | R56: 0.00064134075
A57: 61 | B57: {V_INTR_PROG} {NUM_NP}. | C57: {NUM_NP_EN} {BE_EN} {V_INTR_PROG_EN}. | D57: {NUM_NP_ES} {V_INTR_PROG_ES}. | E57: Numeric NP + intransitive progressive. | F57: 3pl - Noun indef with numeral | G57: 2-intr | H57: PRS | I57: PROG | K57: Active | L57: aff | M57: Statement | N57: None | O57: Three children are running. | P57: 0.00087267168 | Q57: 1 | R57: 0.00064134075
A58: 62 | B58: {V_INTR_PROG} {POSS_NP}. | C58: {POSS_NP_EN} {BE_EN} {V_INTR_PROG_EN}. | D58: {POSS_NP_ES} {V_INTR_PROG_ES}. | E58: Intransitive progressive with possessed subject (often body parts). | F58: 3sg - Possesed noun | G58: 2-intr | H58: PRS | I58: PROG | K58: Active | L58: aff | M58: Statement | N58: None | O58: My head is hurting. | P58: 0.0023271245 | Q58: 1 | R58: 0.001710242
A59: 63 | B59: {YN_Q_MARKER} {V_INTR_PROG} {NAME}? | C59: {BE_EN} {NAME_EN} {V_INTR_PROG_EN}? | D59: ¿{NAME_ES} {V_INTR_PROG_ES}? | F59: 3sg - Name | G59: 2-intr | H59: PRS | I59: PROG | K59: Active | L59: aff | M59: Yes/no question | N59: None | O59: Is María reading? | P59: 0.00058178112 | Q59: 1 | R59: 0.0004275605
A60: 64 | B60: {NEG_PRE} {V_INTR_PROG} {NEG_SUF}. | C60: {SUBJ_PRONOUN_EN} {BE_NEG_EN} {V_INTR_PROG_EN}. | D60: {SUBJ_PRONOUN_ES} no {V_INTR_PROG_ES}. | E60: Negated intransitive progressive (present) with pronoun subject. | F60: 1sg | G60: 2-intr | H60: PRS | I60: PROG | K60: Active | L60: neg | M60: Statement | N60: None | P60: 0.0006125233 | Q60: 1 | R60: 0.00045015343
A61: 65 | B61: {NEG_PRE} {V_INTR_PROG} {NEG_SUF}. | C61: {SUBJ_PRONOUN_EN} {BE_NEG_EN} {V_INTR_PROG_EN}. | D61: {SUBJ_PRONOUN_ES} no {V_INTR_PROG_ES}. | E61: Negated intransitive progressive (present) with pronoun subject. | F61: 1pl | G61: 2-intr | H61: PRS | I61: PROG | K61: Active | L61: neg | M61: Statement | N61: None | P61: 0.00034454435 | Q61: 1 | R61: 0.0002532113
A62: 66 | B62: {NEG_PRE} {V_INTR_PROG} {NEG_SUF}. | C62: {SUBJ_PRONOUN_EN} {BE_NEG_EN} {V_INTR_PROG_EN}. | D62: {SUBJ_PRONOUN_ES} no {V_INTR_PROG_ES}. | E62: Negated intransitive progressive (present) with pronoun subject. | F62: 2sg | G62: 2-intr | H62: PRS | I62: PROG | K62: Active | L62: neg | M62: Statement | N62: None | P62: 0.00052899739 | Q62: 1 | R62: 0.00038876887
A63: 67 | B63: {NEG_PRE} {V_INTR_PROG} {NEG_SUF}. | C63: {SUBJ_PRONOUN_EN} {BE_NEG_EN} {V_INTR_PROG_EN}. | D63: {SUBJ_PRONOUN_ES} no {V_INTR_PROG_ES}. | E63: Negated intransitive progressive (present) with pronoun subject. | F63: 2pl | G63: 2-intr | H63: PRS | I63: PROG | K63: Active | L63: neg | M63: Statement | N63: None | P63: 0.00029756103 | Q63: 1 | R63: 0.00021868249
A64: 68 | B64: {NEG_PRE} {V_INTR_PROG} {NEG_SUF}. | C64: {SUBJ_PRONOUN_EN} {BE_NEG_EN} {V_INTR_PROG_EN}. | D64: {SUBJ_PRONOUN_ES} no {V_INTR_PROG_ES}. | E64: Negated intransitive progressive (present) with pronoun subject. | F64: 3sg | G64: 2-intr | H64: PRS | I64: PROG | K64: Active | L64: neg | M64: Statement | N64: None | O64: They are not eating. | P64: 0.00041066903 | Q64: 1 | R64: 0.00030180741
A65: 69 | B65: {NEG_PRE} {V_INTR_PROG} {NEG_SUF}. | C65: {SUBJ_PRONOUN_EN} {BE_NEG_EN} {V_INTR_PROG_EN}. | D65: {SUBJ_PRONOUN_ES} no {V_INTR_PROG_ES}. | E65: Negated intransitive progressive (present) with pronoun subject. | F65: 3pl | G65: 2-intr | H65: PRS | I65: PROG | K65: Active | L65: neg | M65: Statement | N65: None | P65: 0.00015400089 | Q65: 1 | R65: 0.00011317778
A66: 70 | B66: {V_INTR_FUT} {ADV}. | C66: {SUBJ_PRONOUN_EN} {WILL_EN} {V_INTR_BASE_EN} {ADV_EN}. | D66: {SUBJ_PRONOUN_ES} {V_INTR_FUT_ES} {ADV_ES}. | E66: Intransitive future with pronoun and adverb. | F66: 1sg | G66: 2-intr | H66: FUT | I66: Simple | K66: Active | L66: aff | M66: Statement | N66: Has adverb | P66: 0.0029450615 | Q66: 1 | R66: 0.002164374
A67: 71 | B67: {V_INTR_FUT}. | C67: {SUBJ_PRONOUN_EN} {WILL_EN} {V_INTR_BASE_EN}. | D67: {SUBJ_PRONOUN_ES} {V_INTR_FUT_ES}. | E67: Future tense with pronoun subject | F67: 1sg | G67: 2-intr | H67: FUT | I67: Simple | K67: Active | L67: aff | M67: Statement | N67: None | P67: 0.0029450615 | Q67: 1 | R67: 0.002164374
A68: 72 | B68: {V_INTR_FUT} {ADV}. | C68: {SUBJ_PRONOUN_EN} {WILL_EN} {V_INTR_BASE_EN} {ADV_EN}. | D68: {SUBJ_PRONOUN_ES} {V_INTR_FUT_ES} {ADV_ES}. | E68: Intransitive future with pronoun and adverb. | F68: 1pl | G68: 2-intr | H68: FUT | I68: Simple | K68: Active | L68: aff | M68: Statement | N68: Has adverb | P68: 0.0016565971 | Q68: 1 | R68: 0.0012174604
A69: 73 | B69: {V_INTR_FUT}. | C69: {SUBJ_PRONOUN_EN} {WILL_EN} {V_INTR_BASE_EN}. | D69: {SUBJ_PRONOUN_ES} {V_INTR_FUT_ES}. | E69: Future tense with pronoun subject | F69: 1pl | G69: 2-intr | H69: FUT | I69: Simple | K69: Active | L69: aff | M69: Statement | N69: None | P69: 0.0016565971 | Q69: 1 | R69: 0.0012174604
A70: 74 | B70: {V_INTR_FUT} {ADV}. | C70: {SUBJ_PRONOUN_EN} {WILL_EN} {V_INTR_BASE_EN} {ADV_EN}. | D70: {SUBJ_PRONOUN_ES} {V_INTR_FUT_ES} {ADV_ES}. | E70: Intransitive future with pronoun and adverb. | F70: 2sg | G70: 2-intr | H70: FUT | I70: Simple | K70: Active | L70: aff | M70: Statement | N70: Has adverb | P70: 0.0025434622 | Q70: 1 | R70: 0.0018692321
A71: 75 | B71: {V_INTR_FUT}. | C71: {SUBJ_PRONOUN_EN} {WILL_EN} {V_INTR_BASE_EN}. | D71: {SUBJ_PRONOUN_ES} {V_INTR_FUT_ES}. | E71: Future tense with pronoun subject | F71: 2sg | G71: 2-intr | H71: FUT | I71: Simple | K71: Active | L71: aff | M71: Statement | N71: None | P71: 0.0025434622 | Q71: 1 | R71: 0.0018692321
A72: 76 | B72: {V_INTR_FUT} {ADV}. | C72: {SUBJ_PRONOUN_EN} {WILL_EN} {V_INTR_BASE_EN} {ADV_EN}. | D72: {SUBJ_PRONOUN_ES} {V_INTR_FUT_ES} {ADV_ES}. | E72: Intransitive future with pronoun and adverb. | F72: 2pl | G72: 2-intr | H72: FUT | I72: Simple | K72: Active | L72: aff | M72: Statement | N72: Has adverb | P72: 0.0014306975 | Q72: 1 | R72: 0.0010514431
A73: 77 | B73: {V_INTR_FUT}. | C73: {SUBJ_PRONOUN_EN} {WILL_EN} {V_INTR_BASE_EN}. | D73: {SUBJ_PRONOUN_ES} {V_INTR_FUT_ES}. | E73: Future tense with pronoun subject | F73: 2pl | G73: 2-intr | H73: FUT | I73: Simple | K73: Active | L73: aff | M73: Statement | N73: None | O73: You will run. | P73: 0.0014306975 | Q73: 1 | R73: 0.0010514431
A74: 78 | B74: {V_INTR_FUT} {ADV}. | C74: {SUBJ_PRONOUN_EN} {WILL_EN} {V_INTR_BASE_EN} {ADV_EN}. | D74: {V_INTR_FUT_ES} {ADV_ES}. | E74: Intransitive future with pronoun and adverb. | F74: 3sg | G74: 2-intr | H74: FUT | I74: Simple | K74: Active | L74: aff | M74: Statement | N74: Has adverb | O74: He will go tomorrow. | P74: 0.0019745299 | Q74: 1 | R74: 0.0014511144
A75: 79 | B75: {V_INTR_FUT} {ADV}. | C75: {SUBJ_PRONOUN_EN} {WILL_EN} {V_INTR_BASE_EN} {ADV_EN}. | D75: {SUBJ_PRONOUN_ES} {V_INTR_FUT_ES} {ADV_ES}. | E75: Intransitive future with pronoun and adverb. | F75: 3sg | G75: 2-intr | H75: FUT | I75: Simple | K75: Active | L75: aff | M75: Statement | N75: Has adverb | O75: He will go tomorrow. | P75: 0.0019745299 | Q75: 1 | R75: 0.0014511144
A76: 80 | B76: {V_INTR_FUT}. | C76: {SUBJ_PRONOUN_EN} {WILL_EN} {V_INTR_BASE_EN}. | D76: {V_INTR_FUT_ES}. | E76: Future tense with pronoun subject (not showing in Spanish) | F76: 3sg | G76: 2-intr | H76: FUT | I76: Simple | K76: Active | L76: aff | M76: Statement | N76: ES: Headless | O76: He will run. | P76: 0.0019745299 | Q76: 1 | R76: 0.0014511144
A77: 81 | B77: {V_INTR_FUT}. | C77: {SUBJ_PRONOUN_EN} {WILL_EN} {V_INTR_BASE_EN}. | D77: {SUBJ_PRONOUN_ES} {V_INTR_FUT_ES}. | E77: Future tense with pronoun subject | F77: 3sg | G77: 2-intr | H77: FUT | I77: Simple | K77: Active | L77: aff | M77: Statement | N77: None | O77: He will run. | P77: 0.0019745299 | Q77: 1 | R77: 0.0014511144
A78: 82 | B78: {V_INTR_FUT} {ADV} {NP}. | C78: {NP_EN} {WILL_EN} {V_INTR_BASE_EN} {ADV_EN}. | D78: {NP_ES} {V_INTR_FUT_ES} {ADV_ES}. | E78: Intransitive future with adverb. | F78: 3sg - Noun | G78: 2-intr | H78: FUT | I78: Simple | K78: Active | L78: aff | M78: Statement | N78: Has adverb | O78: The child will run quickly. | P78: 0.0019745299 | Q78: 1 | R78: 0.0014511144
A79: 83 | B79: {V_INTR_FUT} {NP}. | C79: {NP_EN} {WILL_EN} {V_INTR_BASE_EN}. | D79: {NP_ES} {V_INTR_FUT_ES}. | E79: Intransitive future tense | F79: 3sg - Noun | G79: 2-intr | H79: FUT | I79: Simple | K79: Active | L79: aff | M79: Statement | N79: None | O79: The man will walk | P79: 0.0019745299 | Q79: 1 | R79: 0.0014511144
A80: 84 | B80: {V_INTR_FUT} {ADV}. | C80: {SUBJ_PRONOUN_EN} {WILL_EN} {V_INTR_BASE_EN} {ADV_EN}. | D80: {SUBJ_PRONOUN_ES} {V_INTR_FUT_ES} {ADV_ES}. | E80: Intransitive future with pronoun and adverb. | F80: 3pl | G80: 2-intr | H80: FUT | I80: Simple | K80: Active | L80: aff | M80: Statement | N80: Has adverb | P80: 0.0007404487 | Q80: 1 | R80: 0.00054416791
A81: 85 | B81: {V_INTR_FUT}. | C81: {SUBJ_PRONOUN_EN} {WILL_EN} {V_INTR_BASE_EN}. | D81: {SUBJ_PRONOUN_ES} {V_INTR_FUT_ES}. | E81: Future tense with pronoun subject | F81: 3pl | G81: 2-intr | H81: FUT | I81: Simple | K81: Active | L81: aff | M81: Statement | N81: None | P81: 0.0007404487 | Q81: 1 | R81: 0.00054416791
A82: 86 | B82: {V_INTR_FUT_KEK} {NUM_NP}. | C82: {NUM_NP_EN} {WILL_EN} {V_INTR_BASE_EN}. | D82: {NUM_NP_ES} {V_INTR_FUT_ES}. | E82: Future tense with numeric NP. | F82: 3pl - Noun indef with numeral | G82: 2-intr | H82: FUT | I82: Simple | K82: Active | L82: aff | M82: Statement | N82: None | O82: Three girls will arrive. | P82: 0.0007404487 | Q82: 1 | R82: 0.00054416791
A83: 87 | B83: {V_INTR_FUT} {POSS_NP}. | C83: {POSS_NP_EN} {WILL_EN} {V_INTR_BASE_EN}. | D83: {POSS_NP_ES} {V_INTR_FUT_ES}. | E83: Intransive in the future with possessed subject | F83: 3sg - Possesed noun | G83: 2-intr | H83: FUT | I83: Simple | K83: Active | L83: aff | M83: Statement | N83: None | O83: My wife will sleep. | P83: 0.0019745299 | Q83: 1 | R83: 0.0014511144
A84: 88 | B84: {WH_TIME} {V_INTR_FUT} {ADV} {NP}? | C84: {WH_TIME_EN} {WILL_EN} {NP_EN} {V_INTR_BASE_EN} {ADV_EN}? | D84: ¿{WH_TIME_ES} {NP_ES} {V_INTR_FUT_ES} {ADV_ES}? | F84: 3sg - Noun | G84: 2-intr | H84: FUT | I84: Simple | K84: Active | L84: aff | M84: When question | N84: Has adverb | O84: When will the children arrive tomorrow? | P84: 0.00016454416 | Q84: 1 | R84: 0.0001209262
A85: 89 | B85: {WH_LOC} {V_INTR_FUT} {NP}? | C85: {WH_LOC_EN} {WILL_EN} {NP_EN} {V_INTR_BASE_EN}? | D85: ¿{WH_LOC_ES} {V_INTR_FUT_ES} {NP_ES}? | F85: 3sg - Noun | G85: 2-intr | H85: FUT | I85: Simple | K85: Active | L85: aff | M85: Where question | N85: None | O85: Where will the man eat? | P85: 0.00016454416 | Q85: 1 | R85: 0.0001209262
A86: 90 | B86: {YN_Q_MARKER} {V_INTR_FUT} {ADV} ? | C86: {WILL_EN} {SUBJ_PRONOUN_EN} {V_INTR_BASE_EN} {ADV_EN}? | D86: ¿{SUBJ_PRONOUN_ES} {V_INTR_FUT_ES} {ADV_ES}? | E86: Intransitive future yes/no question with pronoun subject and adverb | F86: 1sg | G86: 2-intr | H86: FUT | I86: Simple | K86: Active | L86: aff | M86: Yes/no question | N86: Has adverb | P86: 0.00073626538 | Q86: 1 | R86: 0.00054109351
A87: 91 | B87: {YN_Q_MARKER} {V_INTR_FUT}? | C87: {WILL_EN} {SUBJ_PRONOUN_EN} {V_INTR_BASE_EN}? | D87: ¿{SUBJ_PRONOUN_ES} {V_INTR_FUT_ES}? | E87: Intransitive future yes/no question with pronoun subject. | F87: 1sg | G87: 2-intr | H87: FUT | I87: Simple | K87: Active | L87: aff | M87: Yes/no question | N87: None | P87: 0.00073626538 | Q87: 1 | R87: 0.00054109351
A88: 92 | B88: {YN_Q_MARKER} {V_INTR_FUT} {ADV} ? | C88: {WILL_EN} {SUBJ_PRONOUN_EN} {V_INTR_BASE_EN} {ADV_EN}? | D88: ¿{SUBJ_PRONOUN_ES} {V_INTR_FUT_ES} {ADV_ES}? | E88: Intransitive future yes/no question with pronoun subject and adverb | F88: 1pl | G88: 2-intr | H88: FUT | I88: Simple | K88: Active | L88: aff | M88: Yes/no question | N88: Has adverb | P88: 0.00041414927 | Q88: 1 | R88: 0.0003043651
A89: 93 | B89: {YN_Q_MARKER} {V_INTR_FUT}? | C89: {WILL_EN} {SUBJ_PRONOUN_EN} {V_INTR_BASE_EN}? | D89: ¿{SUBJ_PRONOUN_ES} {V_INTR_FUT_ES}? | E89: Intransitive future yes/no question with pronoun subject. | F89: 1pl | G89: 2-intr | H89: FUT | I89: Simple | K89: Active | L89: aff | M89: Yes/no question | N89: None | P89: 0.00041414927 | Q89: 1 | R89: 0.0003043651
A90: 94 | B90: {YN_Q_MARKER} {V_INTR_FUT} {ADV} ? | C90: {WILL_EN} {SUBJ_PRONOUN_EN} {V_INTR_BASE_EN} {ADV_EN}? | D90: ¿{SUBJ_PRONOUN_ES} {V_INTR_FUT_ES} {ADV_ES}? | E90: Intransitive future yes/no question with pronoun subject and adverb | F90: 2sg | G90: 2-intr | H90: FUT | I90: Simple | K90: Active | L90: aff | M90: Yes/no question | N90: Has adverb | P90: 0.00063586555 | Q90: 1 | R90: 0.00046730803
A91: 95 | B91: {YN_Q_MARKER} {V_INTR_FUT}? | C91: {WILL_EN} {SUBJ_PRONOUN_EN} {V_INTR_BASE_EN}? | D91: ¿{SUBJ_PRONOUN_ES} {V_INTR_FUT_ES}? | E91: Intransitive future yes/no question with pronoun subject. | F91: 2sg | G91: 2-intr | H91: FUT | I91: Simple | K91: Active | L91: aff | M91: Yes/no question | N91: None | P91: 0.00063586555 | Q91: 1 | R91: 0.00046730803
A92: 96 | B92: {YN_Q_MARKER} {V_INTR_FUT} {ADV} ? | C92: {WILL_EN} {SUBJ_PRONOUN_EN} {V_INTR_BASE_EN} {ADV_EN}? | D92: ¿{SUBJ_PRONOUN_ES} {V_INTR_FUT_ES} {ADV_ES}? | E92: Intransitive future yes/no question with pronoun subject and adverb | F92: 2pl | G92: 2-intr | H92: FUT | I92: Simple | K92: Active | L92: aff | M92: Yes/no question | N92: Has adverb | P92: 0.00035767437 | Q92: 1 | R92: 0.00026286077
A93: 97 | B93: {YN_Q_MARKER} {V_INTR_FUT}? | C93: {WILL_EN} {SUBJ_PRONOUN_EN} {V_INTR_BASE_EN}? | D93: ¿{SUBJ_PRONOUN_ES} {V_INTR_FUT_ES}? | E93: Intransitive future yes/no question with pronoun subject. | F93: 2pl | G93: 2-intr | H93: FUT | I93: Simple | K93: Active | L93: aff | M93: Yes/no question | N93: None | P93: 0.00035767437 | Q93: 1 | R93: 0.00026286077
A94: 98 | B94: {YN_Q_MARKER} {V_INTR_FUT} {ADV} ? | C94: {WILL_EN} {SUBJ_PRONOUN_EN} {V_INTR_BASE_EN} {ADV_EN}? | D94: ¿{SUBJ_PRONOUN_ES} {V_INTR_FUT_ES} {ADV_ES}? | E94: Intransitive future yes/no question with pronoun subject and adverb | F94: 3sg | G94: 2-intr | H94: FUT | I94: Simple | K94: Active | L94: aff | M94: Yes/no question | N94: Has adverb | O94: Will you dance tomorrow? | P94: 0.00049363247 | Q94: 1 | R94: 0.0003627786
A95: 99 | B95: {YN_Q_MARKER} {V_INTR_FUT}? | C95: {WILL_EN} {SUBJ_PRONOUN_EN} {V_INTR_BASE_EN}? | D95: ¿{V_INTR_FUT_ES}? | E95: Intransitive future yes/no question with pronoun subject (not showing in Spanish) | F95: 3sg | G95: 2-intr | H95: FUT | I95: Simple | K95: Active | L95: aff | M95: Yes/no question | N95: ES: Headless | O95: Will I go? | P95: 0.00049363247 | Q95: 1 | R95: 0.0003627786
A96: 100 | B96: {YN_Q_MARKER} {V_INTR_FUT}? | C96: {WILL_EN} {SUBJ_PRONOUN_EN} {V_INTR_BASE_EN}? | D96: ¿{SUBJ_PRONOUN_ES} {V_INTR_FUT_ES}? | E96: Intransitive future yes/no question with pronoun subject. | F96: 3sg | G96: 2-intr | H96: FUT | I96: Simple | K96: Active | L96: aff | M96: Yes/no question | N96: None | O96: Will I go? | P96: 0.00049363247 | Q96: 1 | R96: 0.0003627786
A97: 101 | B97: {YN_Q_MARKER} {V_INTR_FUT} {ADV} {NP}? | C97: {WILL_EN} {NP_EN} {V_INTR_BASE_EN} {ADV_EN}? | D97: ¿{NP_ES} {V_INTR_FUT_ES} {ADV_ES}? | E97: Intransitive future yes/no question with adverb. | F97: 3sg - Noun | G97: 2-intr | H97: FUT | I97: Simple | K97: Active | L97: aff | M97: Yes/no question | N97: Has adverb | O97: Will the child run quickly? | P97: 0.00049363247 | Q97: 1 | R97: 0.0003627786
A98: 102 | B98: {YN_Q_MARKER} {V_INTR_FUT} {NP}? | C98: {WILL_EN} {NP_EN} {V_INTR_BASE_EN}? | D98: ¿{NP_ES} {V_INTR_FUT_ES}? | E98: Yes/no question for intransitive in the future | F98: 3sg - Noun | G98: 2-intr | H98: FUT | I98: Simple | K98: Active | L98: aff | M98: Yes/no question | N98: None | O98: Will the jaguar run? | P98: 0.00049363247 | Q98: 1 | R98: 0.0003627786
A99: 103 | B99: {YN_Q_MARKER} {V_INTR_FUT} {ADV} ? | C99: {WILL_EN} {SUBJ_PRONOUN_EN} {V_INTR_BASE_EN} {ADV_EN}? | D99: ¿{SUBJ_PRONOUN_ES} {V_INTR_FUT_ES} {ADV_ES}? | E99: Intransitive future yes/no question with pronoun subject and adverb | F99: 3pl | G99: 2-intr | H99: FUT | I99: Simple | K99: Active | L99: aff | M99: Yes/no question | N99: Has adverb | P99: 0.00018511218 | Q99: 1 | R99: 0.00013604198
A100: 104 | B100: {YN_Q_MARKER} {V_INTR_FUT}? | C100: {WILL_EN} {SUBJ_PRONOUN_EN} {V_INTR_BASE_EN}? | D100: ¿{SUBJ_PRONOUN_ES} {V_INTR_FUT_ES}? | E100: Intransitive future yes/no question with pronoun subject. | F100: 3pl | G100: 2-intr | H100: FUT | I100: Simple | K100: Active | L100: aff | M100: Yes/no question | N100: None | P100: 0.00018511218 | Q100: 1 | R100: 0.00013604198
A101: 105 | B101: {NEG_PRE} {V_INTR_FUT} {NEG_SUF} {NP}. | C101: {NP_EN} {WILL_NEG_EN} {V_INTR_BASE_EN}. | D101: {NP_ES} no {V_INTR_FUT_ES}. | E101: Negative intransitive future tense | F101: 3sg - Noun | G101: 2-intr | H101: FUT | I101: Simple | K101: Active | L101: neg | M101: Statement | N101: None | O101: The doctor will not run. | P101: 0.00034844645 | Q101: 1 | R101: 0.00025607901
A102: 106 | B102: {NEG_PRE} {V_INTR_FUT} {NEG_SUF} {POSS_NP}. | C102: {POSS_NP_EN} {WILL_NEG_EN} {V_INTR_BASE_EN}. | D102: {POSS_NP_ES} no {V_INTR_FUT_ES}. | E102: Negative intransitive future tensewith possessed subject | F102: 3sg - Possesed noun | G102: 2-intr | H102: FUT | I102: Simple | K102: Active | L102: neg | M102: Statement | N102: None | O102: My wife will not sleep. | P102: 0.00034844645 | Q102: 1 | R102: 0.00025607901
A103: 107 | B103: {V_INTR}. | C103: {SUBJ_PRONOUN_EN} {V_INTR_EN}. | D103: {SUBJ_PRONOUN_ES} {V_INTR_ES}. | E103: Present tense with pronoun subject | F103: 1sg | G103: 2-intr | H103: PRS | I103: Simple | K103: Active | L103: aff | M103: Statement | N103: None | P103: 0.0080989191 | Q103: 0.25 | R103: 0.0014880072
A104: 108 | B104: {V_INTR}. | C104: {SUBJ_PRONOUN_EN} {V_INTR_EN}. | D104: {SUBJ_PRONOUN_ES} {V_INTR_ES}. | E104: Present tense with pronoun subject | F104: 1pl | G104: 2-intr | H104: PRS | I104: Simple | K104: Active | L104: aff | M104: Statement | N104: None | P104: 0.004555642 | Q104: 0.25 | R104: 0.00083700403
A105: 109 | B105: {V_INTR}. | C105: {SUBJ_PRONOUN_EN} {V_INTR_EN}. | D105: {SUBJ_PRONOUN_ES} {V_INTR_ES}. | E105: Present tense with pronoun subject | F105: 2sg | G105: 2-intr | H105: PRS | I105: Simple | K105: Active | L105: aff | M105: Statement | N105: None | P105: 0.0069945211 | Q105: 0.25 | R105: 0.0012850971
A106: 110 | B106: {V_INTR}. | C106: {SUBJ_PRONOUN_EN} {V_INTR_EN}. | D106: {SUBJ_PRONOUN_ES} {V_INTR_ES}. | E106: Present tense with pronoun subject | F106: 2pl | G106: 2-intr | H106: PRS | I106: Simple | K106: Active | L106: aff | M106: Statement | N106: None | P106: 0.0039344181 | Q106: 0.25 | R106: 0.00072286711
A107: 111 | B107: {V_INTR}. | C107: {SUBJ_PRONOUN_EN} {V_INTR_EN}. | D107: {V_INTR_ES}. | E107: Present tense with pronoun subject (not showing in Spanish) | F107: 3sg | G107: 2-intr | H107: PRS | I107: Simple | K107: Active | L107: aff | M107: Statement | N107: ES: Headless | O107: He runs. | P107: 0.0054299571 | Q107: 0.75 | R107: 0.0029929235
A108: 112 | B108: {V_INTR}. | C108: {SUBJ_PRONOUN_EN} {V_INTR_EN}. | D108: {SUBJ_PRONOUN_ES} {V_INTR_ES}. | E108: Present tense with pronoun subject | F108: 3sg | G108: 2-intr | H108: PRS | I108: Simple | K108: Active | L108: aff | M108: Statement | N108: None | O108: He runs. | P108: 0.0054299571 | Q108: 0.25 | R108: 0.00099764116
...

Sheet full_list
A1: id | B1: kek | C1: en | D1: es | E1: description | F1: Subject | G1: Transitivity | H1: Tense | I1: Aspect | J1: Mood | K1: Voice | L1: Polarity | M1: Q/S/C | N1: Modifier | O1: example_en | P1: p_value | Q1: variant_dist | R1: p_value_norm | S1: Notes
A2: 1 | B2: {OCCUPATION}{AFFIX_PRONOUN}. | C2: {SUBJ_PRONOUN_EN} {BE_EN} {OCCUPATION_EN}. | D2: {SUBJ_PRONOUN_ES} {COP_ES} {OCCUPATION_ES}. | E2: Pronoun with occupation | F2: 1sg | G2: 1-cop | H2: PRS | I2: Simple | K2: Active | L2: aff | M2: Statement | N2: Is occupation | O2: I am a fireman | P2: =PRODUCT(_xlfn.XLOOKUP(F2,Config!$A$2:$A$15,Config!$B$2:$B$15),_xlfn.XLOOKUP(G2,Config!$C$2:$C$7,Config!$D$2:$D$7),_xlfn.XLOOKUP(H2,Config!$E$2:$E$5,Config!$F$2:$F$5),_xlfn.XLOOKUP(I2,Config!$G$2:$G$3,Config!$H$2:$H$3),_xlfn.XLOOKUP(J2,Config!$I$2:$I$3,Config!$J$2:$J$3),_xlfn.XLOOKUP(K2,Config!$K$2:$K$3,Config!$L$2:$L$3),_xlfn.XLOOKUP(L2,Config!$M$2:$M$3,Config!$N$2:$N$3),_xlfn.XLOOKUP(M2,Config!$O$2:$O$6,Config!$P$2:$P$6)) -> 0.0041651584 | Q2: =0.25*0.5 -> 0.125 | R2: =P2*Q2*Config!$B$19 -> 0.00038263041
A3: 2 | B3: {ADJ}{AFFIX_PRONOUN}. | C3: {SUBJ_PRONOUN_EN} {BE_EN} {ADJ_EN}. | D3: {SUBJ_PRONOUN_ES} {COP_ES} {ADJ_ES}. | E3: Pronoun with attribute | F3: 1sg | G3: 1-cop | H3: PRS | I3: Simple | K3: Active | L3: aff | M3: Statement | N3: None | O3: I am big | P3: =PRODUCT(_xlfn.XLOOKUP(F3,Config!$A$2:$A$15,Config!$B$2:$B$15),_xlfn.XLOOKUP(G3,Config!$C$2:$C$7,Config!$D$2:$D$7),_xlfn.XLOOKUP(H3,Config!$E$2:$E$5,Config!$F$2:$F$5),_xlfn.XLOOKUP(I3,Config!$G$2:$G$3,Config!$H$2:$H$3),_xlfn.XLOOKUP(J3,Config!$I$2:$I$3,Config!$J$2:$J$3),_xlfn.XLOOKUP(K3,Config!$K$2:$K$3,Config!$L$2:$L$3),_xlfn.XLOOKUP(L3,Config!$M$2:$M$3,Config!$N$2:$N$3),_xlfn.XLOOKUP(M3,Config!$O$2:$O$6,Config!$P$2:$P$6)) -> 0.0041651584 | Q3: 0.5 | R3: =P3*Q3*Config!$B$19 -> 0.0015305216
A4: 3 | B4: {PRED_NP}{AFFIX_PRONOUN}. | C4: {SUBJ_PRONOUN_EN} {BE_EN} {PRED_NP_EN}. | D4: {SUBJ_PRONOUN_ES} {V_SER_ES} {PRED_NP_ES}. | E4: Noun in stative sentence | F4: 1sg | G4: 1-cop | H4: PRS | I4: Simple | K4: Active | L4: aff | M4: Statement | N4: None | O4: I am a boy | P4: =PRODUCT(_xlfn.XLOOKUP(F4,Config!$A$2:$A$15,Config!$B$2:$B$15),_xlfn.XLOOKUP(G4,Config!$C$2:$C$7,Config!$D$2:$D$7),_xlfn.XLOOKUP(H4,Config!$E$2:$E$5,Config!$F$2:$F$5),_xlfn.XLOOKUP(I4,Config!$G$2:$G$3,Config!$H$2:$H$3),_xlfn.XLOOKUP(J4,Config!$I$2:$I$3,Config!$J$2:$J$3),_xlfn.XLOOKUP(K4,Config!$K$2:$K$3,Config!$L$2:$L$3),_xlfn.XLOOKUP(L4,Config!$M$2:$M$3,Config!$N$2:$N$3),_xlfn.XLOOKUP(M4,Config!$O$2:$O$6,Config!$P$2:$P$6)) -> 0.0041651584 | Q4: 0.5 | R4: =P4*Q4*Config!$B$19 -> 0.0015305216
A5: 4 | B5: {ADJ}{AFFIX_PRONOUN}. | C5: {SUBJ_PRONOUN_EN} {BE_EN} {ADJ_EN}. | D5: {SUBJ_PRONOUN_ES} {COP_ES} {ADJ_ES}. | E5: Pronoun with attribute | F5: 1pl | G5: 1-cop | H5: PRS | I5: Simple | K5: Active | L5: aff | M5: Statement | N5: None | O5: We are big | P5: =PRODUCT(_xlfn.XLOOKUP(F5,Config!$A$2:$A$15,Config!$B$2:$B$15),_xlfn.XLOOKUP(G5,Config!$C$2:$C$7,Config!$D$2:$D$7),_xlfn.XLOOKUP(H5,Config!$E$2:$E$5,Config!$F$2:$F$5),_xlfn.XLOOKUP(I5,Config!$G$2:$G$3,Config!$H$2:$H$3),_xlfn.XLOOKUP(J5,Config!$I$2:$I$3,Config!$J$2:$J$3),_xlfn.XLOOKUP(K5,Config!$K$2:$K$3,Config!$L$2:$L$3),_xlfn.XLOOKUP(L5,Config!$M$2:$M$3,Config!$N$2:$N$3),_xlfn.XLOOKUP(M5,Config!$O$2:$O$6,Config!$P$2:$P$6)) -> 0.0023429016 | Q5: 1 | R5: =P5*Q5*Config!$B$19 -> 0.0017218369
A6: 5 | B6: {OCCUPATION}{AFFIX_PRONOUN}. | C6: {SUBJ_PRONOUN_EN} {BE_EN} {OCCUPATION_EN}. | D6: {SUBJ_PRONOUN_ES} {COP_ES} {OCCUPATION_ES}. | E6: Pronoun with occupation | F6: 2sg | G6: 1-cop | H6: PRS | I6: Simple | K6: Active | L6: aff | M6: Statement | N6: Is occupation | O6: You are a chef | P6: =PRODUCT(_xlfn.XLOOKUP(F6,Config!$A$2:$A$15,Config!$B$2:$B$15),_xlfn.XLOOKUP(G6,Config!$C$2:$C$7,Config!$D$2:$D$7),_xlfn.XLOOKUP(H6,Config!$E$2:$E$5,Config!$F$2:$F$5),_xlfn.XLOOKUP(I6,Config!$G$2:$G$3,Config!$H$2:$H$3),_xlfn.XLOOKUP(J6,Config!$I$2:$I$3,Config!$J$2:$J$3),_xlfn.XLOOKUP(K6,Config!$K$2:$K$3,Config!$L$2:$L$3),_xlfn.XLOOKUP(L6,Config!$M$2:$M$3,Config!$N$2:$N$3),_xlfn.XLOOKUP(M6,Config!$O$2:$O$6,Config!$P$2:$P$6)) -> 0.0035971823 | Q6: 0.25 | R6: =P6*Q6*Config!$B$19 -> 0.00066090707
A7: 6 | B7: {ADJ}{AFFIX_PRONOUN}. | C7: {SUBJ_PRONOUN_EN} {BE_EN} {ADJ_EN}. | D7: {SUBJ_PRONOUN_ES} {COP_ES} {ADJ_ES}. | E7: Pronoun with attribute | F7: 2sg | G7: 1-cop | H7: PRS | I7: Simple | K7: Active | L7: aff | M7: Statement | N7: None | O7: You are big | P7: =PRODUCT(_xlfn.XLOOKUP(F7,Config!$A$2:$A$15,Config!$B$2:$B$15),_xlfn.XLOOKUP(G7,Config!$C$2:$C$7,Config!$D$2:$D$7),_xlfn.XLOOKUP(H7,Config!$E$2:$E$5,Config!$F$2:$F$5),_xlfn.XLOOKUP(I7,Config!$G$2:$G$3,Config!$H$2:$H$3),_xlfn.XLOOKUP(J7,Config!$I$2:$I$3,Config!$J$2:$J$3),_xlfn.XLOOKUP(K7,Config!$K$2:$K$3,Config!$L$2:$L$3),_xlfn.XLOOKUP(L7,Config!$M$2:$M$3,Config!$N$2:$N$3),_xlfn.XLOOKUP(M7,Config!$O$2:$O$6,Config!$P$2:$P$6)) -> 0.0035971823 | Q7: 1 | R7: =P7*Q7*Config!$B$19 -> 0.0026436283
A8: 7 | B8: {OCCUPATION}{AFFIX_PRONOUN} {SUBJ_PRONOUN}. | C8: {SUBJ_PRONOUN_EN} {BE_EN} {OCCUPATION_EN}. | D8: {SUBJ_PRONOUN_ES} {COP_ES} {OCCUPATION_ES}. | E8: Pronoun with occupation | F8: 3sg | G8: 1-cop | H8: PRS | I8: Simple | K8: Active | L8: aff | M8: Statement | N8: Is occupation | O8: She is a fireman | P8: =PRODUCT(_xlfn.XLOOKUP(F8,Config!$A$2:$A$15,Config!$B$2:$B$15),_xlfn.XLOOKUP(G8,Config!$C$2:$C$7,Config!$D$2:$D$7),_xlfn.XLOOKUP(H8,Config!$E$2:$E$5,Config!$F$2:$F$5),_xlfn.XLOOKUP(I8,Config!$G$2:$G$3,Config!$H$2:$H$3),_xlfn.XLOOKUP(J8,Config!$I$2:$I$3,Config!$J$2:$J$3),_xlfn.XLOOKUP(K8,Config!$K$2:$K$3,Config!$L$2:$L$3),_xlfn.XLOOKUP(L8,Config!$M$2:$M$3,Config!$N$2:$N$3),_xlfn.XLOOKUP(M8,Config!$O$2:$O$6,Config!$P$2:$P$6)) -> 0.0027925494 | Q8: 0.25 | R8: =P8*Q8*Config!$B$19 -> 0.0005130726
A9: 8 | B9: {ADJ}{AFFIX_PRONOUN}. | C9: {SUBJ_PRONOUN_EN} {BE_EN} {ADJ_EN}. | D9: {SUBJ_PRONOUN_ES} {COP_ES} {ADJ_ES}. | E9: Pronoun with attribute | F9: 2pl | G9: 1-cop | H9: PRS | I9: Simple | K9: Active | L9: aff | M9: Statement | N9: None | O9: Y'all are big | P9: =PRODUCT(_xlfn.XLOOKUP(F9,Config!$A$2:$A$15,Config!$B$2:$B$15),_xlfn.XLOOKUP(G9,Config!$C$2:$C$7,Config!$D$2:$D$7),_xlfn.XLOOKUP(H9,Config!$E$2:$E$5,Config!$F$2:$F$5),_xlfn.XLOOKUP(I9,Config!$G$2:$G$3,Config!$H$2:$H$3),_xlfn.XLOOKUP(J9,Config!$I$2:$I$3,Config!$J$2:$J$3),_xlfn.XLOOKUP(K9,Config!$K$2:$K$3,Config!$L$2:$L$3),_xlfn.XLOOKUP(L9,Config!$M$2:$M$3,Config!$N$2:$N$3),_xlfn.XLOOKUP(M9,Config!$O$2:$O$6,Config!$P$2:$P$6)) -> 0.002023415 | Q9: 1 | R9: =P9*Q9*Config!$B$19 -> 0.0014870409
A10: 9 | B10: {SUBJ_PRONOUN} {OCCUPATION}. | C10: {SUBJ_PRONOUN_EN} {BE_EN} {OCCUPATION_EN}. | D10: {SUBJ_PRONOUN_ES} {COP_ES} {OCCUPATION_ES}. | E10: Pronoun with occupation, more common variant | F10: 3sg | G10: 1-cop | H10: PRS | I10: Simple | K10: Active | L10: aff | M10: Statement | N10: Is occupation | O10: She is a fireman | P10: =PRODUCT(_xlfn.XLOOKUP(F10,Config!$A$2:$A$15,Config!$B$2:$B$15),_xlfn.XLOOKUP(G10,Config!$C$2:$C$7,Config!$D$2:$D$7),_xlfn.XLOOKUP(H10,Config!$E$2:$E$5,Config!$F$2:$F$5),_xlfn.XLOOKUP(I10,Config!$G$2:$G$3,Config!$H$2:$H$3),_xlfn.XLOOKUP(J10,Config!$I$2:$I$3,Config!$J$2:$J$3),_xlfn.XLOOKUP(K10,Config!$K$2:$K$3,Config!$L$2:$L$3),_xlfn.XLOOKUP(L10,Config!$M$2:$M$3,Config!$N$2:$N$3),_xlfn.XLOOKUP(M10,Config!$O$2:$O$6,Config!$P$2:$P$6)) -> 0.0027925494 | Q10: 0.75 | R10: =P10*Q10*Config!$B$19 -> 0.0015392178
A11: 10 | B11: {ADJ}{AFFIX_PRONOUN} {SUBJ_PRONOUN}. | C11: {SUBJ_PRONOUN_EN} {BE_EN} {ADJ_EN}. | D11: {SUBJ_PRONOUN_ES} {COP_ES} {ADJ_ES}. | E11: Pronoun with attribute | F11: 3sg | G11: 1-cop | H11: PRS | I11: Simple | K11: Active | L11: aff | M11: Statement | N11: None | O11: He is kind. | P11: =PRODUCT(_xlfn.XLOOKUP(F11,Config!$A$2:$A$15,Config!$B$2:$B$15),_xlfn.XLOOKUP(G11,Config!$C$2:$C$7,Config!$D$2:$D$7),_xlfn.XLOOKUP(H11,Config!$E$2:$E$5,Config!$F$2:$F$5),_xlfn.XLOOKUP(I11,Config!$G$2:$G$3,Config!$H$2:$H$3),_xlfn.XLOOKUP(J11,Config!$I$2:$I$3,Config!$J$2:$J$3),_xlfn.XLOOKUP(K11,Config!$K$2:$K$3,Config!$L$2:$L$3),_xlfn.XLOOKUP(L11,Config!$M$2:$M$3,Config!$N$2:$N$3),_xlfn.XLOOKUP(M11,Config!$O$2:$O$6,Config!$P$2:$P$6)) -> 0.0027925494 | Q11: 1 | R11: =P11*Q11*Config!$B$19 -> 0.0020522904
A12: 11 | B12: {OCCUPATION} {NAME}. | C12: {NAME_EN} {BE_EN} {OCCUPATION_EN}. | D12: {NAME_ES} {COP_ES} {OCCUPATION_ES}. | E12: Name with occupation | F12: 3sg - Name | G12: 1-cop | H12: PRS | I12: Simple | K12: Active | L12: aff | M12: Statement | N12: Is occupation | O12: Mateo is a chef | P12: =PRODUCT(_xlfn.XLOOKUP(F12,Config!$A$2:$A$15,Config!$B$2:$B$15),_xlfn.XLOOKUP(G12,Config!$C$2:$C$7,Config!$D$2:$D$7),_xlfn.XLOOKUP(H12,Config!$E$2:$E$5,Config!$F$2:$F$5),_xlfn.XLOOKUP(I12,Config!$G$2:$G$3,Config!$H$2:$H$3),_xlfn.XLOOKUP(J12,Config!$I$2:$I$3,Config!$J$2:$J$3),_xlfn.XLOOKUP(K12,Config!$K$2:$K$3,Config!$L$2:$L$3),_xlfn.XLOOKUP(L12,Config!$M$2:$M$3,Config!$N$2:$N$3),_xlfn.XLOOKUP(M12,Config!$O$2:$O$6,Config!$P$2:$P$6)) -> 0.0027925494 | Q12: 1 | R12: =P12*Q12*Config!$B$19 -> 0.0020522904
A13: 12 | B13: {ADJ} {NAME}. | C13: {NAME_EN} {BE_EN} {ADJ_EN}. | D13: {NAME_ES} {COP_ES} {ADJ_ES}. | E13: Attribute predicate: a name described by an adjective. | F13: 3sg - Name | G13: 1-cop | H13: PRS | I13: Simple | K13: Active | L13: aff | M13: Statement | N13: None | O13: Carlos is kind | P13: =PRODUCT(_xlfn.XLOOKUP(F13,Config!$A$2:$A$15,Config!$B$2:$B$15),_xlfn.XLOOKUP(G13,Config!$C$2:$C$7,Config!$D$2:$D$7),_xlfn.XLOOKUP(H13,Config!$E$2:$E$5,Config!$F$2:$F$5),_xlfn.XLOOKUP(I13,Config!$G$2:$G$3,Config!$H$2:$H$3),_xlfn.XLOOKUP(J13,Config!$I$2:$I$3,Config!$J$2:$J$3),_xlfn.XLOOKUP(K13,Config!$K$2:$K$3,Config!$L$2:$L$3),_xlfn.XLOOKUP(L13,Config!$M$2:$M$3,Config!$N$2:$N$3),_xlfn.XLOOKUP(M13,Config!$O$2:$O$6,Config!$P$2:$P$6)) -> 0.0027925494 | Q13: 1 | R13: =P13*Q13*Config!$B$19 -> 0.0020522904
A14: 13 | B14: {ADJ} {NP}. | C14: {NP_EN} {BE_EN} {ADJ_EN}. | D14: {NP_ES} {COP_ES} {ADJ_ES}. | E14: Attributive predicate: a non-possessed noun described by an adjective. | F14: 3sg - Noun | G14: 1-cop | H14: PRS | I14: Simple | K14: Active | L14: aff | M14: Statement | N14: None | O14: The house is big. | P14: =PRODUCT(_xlfn.XLOOKUP(F14,Config!$A$2:$A$15,Config!$B$2:$B$15),_xlfn.XLOOKUP(G14,Config!$C$2:$C$7,Config!$D$2:$D$7),_xlfn.XLOOKUP(H14,Config!$E$2:$E$5,Config!$F$2:$F$5),_xlfn.XLOOKUP(I14,Config!$G$2:$G$3,Config!$H$2:$H$3),_xlfn.XLOOKUP(J14,Config!$I$2:$I$3,Config!$J$2:$J$3),_xlfn.XLOOKUP(K14,Config!$K$2:$K$3,Config!$L$2:$L$3),_xlfn.XLOOKUP(L14,Config!$M$2:$M$3,Config!$N$2:$N$3),_xlfn.XLOOKUP(M14,Config!$O$2:$O$6,Config!$P$2:$P$6)) -> 0.0027925494 | Q14: 1 | R14: =P14*Q14*Config!$B$19 -> 0.0020522904
... A22: 21 | B22: {ADJ} {POSS_NP}. | C22: {POSS_NP_EN} {BE_EN} {ADJ_EN}. | D22: {POSS_NP_ES} {COP_ES} {ADJ_ES}. | E22: Attributive predicate: a possessed noun described by an adjective. | F22: 3sg - Possesed noun | G22: 1-cop | H22: PRS | I22: Simple | K22: Active | L22: aff | M22: Statement | N22: None | O22: My wife is kind. | P22: =PRODUCT(_xlfn.XLOOKUP(F22,Config!$A$2:$A$15,Config!$B$2:$B$15),_xlfn.XLOOKUP(G22,Config!$C$2:$C$7,Config!$D$2:$D$7),_xlfn.XLOOKUP(H22,Config!$E$2:$E$5,Config!$F$2:$F$5),_xlfn.XLOOKUP(I22,Config!$G$2:$G$3,Config!$H$2:$H$3),_xlfn.XLOOKUP(J22,Config!$I$2:$I$3,Config!$J$2:$J$3),_xlfn.XLOOKUP(K22,Config!$K$2:$K$3,Config!$L$2:$L$3),_xlfn.XLOOKUP(L22,Config!$M$2:$M$3,Config!$N$2:$N$3),_xlfn.XLOOKUP(M22,Config!$O$2:$O$6,Config!$P$2:$P$6)) -> 0.0027925494 | Q22: 1 | R22: =P22*Q22*Config!$B$19 -> 0.0020522904
A23: 22 | B23: {WH_LOC} {EXIST} {NAME}? | C23: {WH_LOC_EN} {BE_EN} {NAME_EN}? | D23: ¿{WH_LOC_ES} {COP_ES} {NAME_ES}? | F23: 3sg - Name | G23: 1-cop | H23: PRS | I23: Simple | K23: Active | L23: aff | M23: Where question | N23: None | O23: Where is Mateo? | P23: =PRODUCT(_xlfn.XLOOKUP(F23,Config!$A$2:$A$15,Config!$B$2:$B$15),_xlfn.XLOOKUP(G23,Config!$C$2:$C$7,Config!$D$2:$D$7),_xlfn.XLOOKUP(H23,Config!$E$2:$E$5,Config!$F$2:$F$5),_xlfn.XLOOKUP(I23,Config!$G$2:$G$3,Config!$H$2:$H$3),_xlfn.XLOOKUP(J23,Config!$I$2:$I$3,Config!$J$2:$J$3),_xlfn.XLOOKUP(K23,Config!$K$2:$K$3,Config!$L$2:$L$3),_xlfn.XLOOKUP(L23,Config!$M$2:$M$3,Config!$N$2:$N$3),_xlfn.XLOOKUP(M23,Config!$O$2:$O$6,Config!$P$2:$P$6)) -> 0.00023271245 | Q23: 1 | R23: =P23*Q23*Config!$B$19 -> 0.0001710242
A24: 23 | B24: {WH_LOC} {EXIST} {NP}? | C24: {WH_LOC_EN} {BE_EN} {NP_EN}? | D24: ¿{WH_LOC_ES} {COP_ES} {NP_ES}? | E24: WH-locative question about an NP. | F24: 3sg - Noun | G24: 1-cop | H24: PRS | I24: Simple | K24: Active | L24: aff | M24: Where question | N24: None | O24: Where is the phone? | P24: =PRODUCT(_xlfn.XLOOKUP(F24,Config!$A$2:$A$15,Config!$B$2:$B$15),_xlfn.XLOOKUP(G24,Config!$C$2:$C$7,Config!$D$2:$D$7),_xlfn.XLOOKUP(H24,Config!$E$2:$E$5,Config!$F$2:$F$5),_xlfn.XLOOKUP(I24,Config!$G$2:$G$3,Config!$H$2:$H$3),_xlfn.XLOOKUP(J24,Config!$I$2:$I$3,Config!$J$2:$J$3),_xlfn.XLOOKUP(K24,Config!$K$2:$K$3,Config!$L$2:$L$3),_xlfn.XLOOKUP(L24,Config!$M$2:$M$3,Config!$N$2:$N$3),_xlfn.XLOOKUP(M24,Config!$O$2:$O$6,Config!$P$2:$P$6)) -> 0.00023271245 | Q24: 1 | R24: =P24*Q24*Config!$B$19 -> 0.0001710242
A25: 24 | B25: {WH_LOC} {EXIST} {NP} {ADJ}? | C25: {WH_LOC_EN} {BE_EN} {ADJ_EN} {NP_EN}? | D25: ¿{WH_LOC_ES} {COP_ES} {ADJ_ES} {NP_ES}? | E25: WH-locative question about a noun with attribute | F25: 3sg - Noun | G25: 1-cop | H25: PRS | I25: Simple | K25: Active | L25: aff | M25: Where question | N25: None | O25: Where is the big phone? | P25: =PRODUCT(_xlfn.XLOOKUP(F25,Config!$A$2:$A$15,Config!$B$2:$B$15),_xlfn.XLOOKUP(G25,Config!$C$2:$C$7,Config!$D$2:$D$7),_xlfn.XLOOKUP(H25,Config!$E$2:$E$5,Config!$F$2:$F$5),_xlfn.XLOOKUP(I25,Config!$G$2:$G$3,Config!$H$2:$H$3),_xlfn.XLOOKUP(J25,Config!$I$2:$I$3,Config!$J$2:$J$3),_xlfn.XLOOKUP(K25,Config!$K$2:$K$3,Config!$L$2:$L$3),_xlfn.XLOOKUP(L25,Config!$M$2:$M$3,Config!$N$2:$N$3),_xlfn.XLOOKUP(M25,Config!$O$2:$O$6,Config!$P$2:$P$6)) -> 0.00023271245 | Q25: 1 | R25: =P25*Q25*Config!$B$19 -> 0.0001710242
A26: 25 | B26: {WH_LOC} {EXIST} {NP_PL}? | C26: {WH_LOC_EN} {BE_EN} {NP_PL_EN}? | D26: ¿{WH_LOC_ES} {COP_ES} {NP_PL_ES}? | E26: WH-locative question about an NP. | F26: 3pl - Noun def | G26: 1-cop | H26: PRS | I26: Simple | K26: Active | L26: aff | M26: Where question | N26: None | O26: Where are the pigs? | P26: =PRODUCT(_xlfn.XLOOKUP(F26,Config!$A$2:$A$15,Config!$B$2:$B$15),_xlfn.XLOOKUP(G26,Config!$C$2:$C$7,Config!$D$2:$D$7),_xlfn.XLOOKUP(H26,Config!$E$2:$E$5,Config!$F$2:$F$5),_xlfn.XLOOKUP(I26,Config!$G$2:$G$3,Config!$H$2:$H$3),_xlfn.XLOOKUP(J26,Config!$I$2:$I$3,Config!$J$2:$J$3),_xlfn.XLOOKUP(K26,Config!$K$2:$K$3,Config!$L$2:$L$3),_xlfn.XLOOKUP(L26,Config!$M$2:$M$3,Config!$N$2:$N$3),_xlfn.XLOOKUP(M26,Config!$O$2:$O$6,Config!$P$2:$P$6)) -> 8.7267168e-05 | Q26: 1 | R26: =P26*Q26*Config!$B$19 -> 6.4134075e-05
A27: 26 | B27: {WH_LOC} {EXIST} {POSS_NP_PL}? | C27: {WH_LOC_EN} {BE_EN} {POSS_NP_PL_EN}? | D27: ¿{WH_LOC_ES} {COP_ES} {POSS_NP_PL_ES}? | E27: WH-locative question about a possessed NP. | F27: 3pl - Possessed noun | G27: 1-cop | H27: PRS | I27: Simple | K27: Active | L27: aff | M27: Where question | N27: None | O27: Where are my brothers? | P27: =PRODUCT(_xlfn.XLOOKUP(F27,Config!$A$2:$A$15,Config!$B$2:$B$15),_xlfn.XLOOKUP(G27,Config!$C$2:$C$7,Config!$D$2:$D$7),_xlfn.XLOOKUP(H27,Config!$E$2:$E$5,Config!$F$2:$F$5),_xlfn.XLOOKUP(I27,Config!$G$2:$G$3,Config!$H$2:$H$3),_xlfn.XLOOKUP(J27,Config!$I$2:$I$3,Config!$J$2:$J$3),_xlfn.XLOOKUP(K27,Config!$K$2:$K$3,Config!$L$2:$L$3),_xlfn.XLOOKUP(L27,Config!$M$2:$M$3,Config!$N$2:$N$3),_xlfn.XLOOKUP(M27,Config!$O$2:$O$6,Config!$P$2:$P$6)) -> 8.7267168e-05 | Q27: 1 | R27: =P27*Q27*Config!$B$19 -> 6.4134075e-05
A28: 27 | B28: {WH_LOC} {EXIST} {NP_PL} {ADJ}? | C28: {WH_LOC_EN} {BE_EN} {ADJ_EN} {NP_PL_EN}? | D28: ¿{WH_LOC_ES} {COP_ES} {NP_PL_ES} {ADJ_ES}? | E28: WH-locative question about an noun in plural with attribute. | F28: 3pl - Noun def with attribute | G28: 1-cop | H28: PRS | I28: Simple | K28: Active | L28: aff | M28: Where question | N28: None | O28: Where are the big pigs? | P28: =PRODUCT(_xlfn.XLOOKUP(F28,Config!$A$2:$A$15,Config!$B$2:$B$15),_xlfn.XLOOKUP(G28,Config!$C$2:$C$7,Config!$D$2:$D$7),_xlfn.XLOOKUP(H28,Config!$E$2:$E$5,Config!$F$2:$F$5),_xlfn.XLOOKUP(I28,Config!$G$2:$G$3,Config!$H$2:$H$3),_xlfn.XLOOKUP(J28,Config!$I$2:$I$3,Config!$J$2:$J$3),_xlfn.XLOOKUP(K28,Config!$K$2:$K$3,Config!$L$2:$L$3),_xlfn.XLOOKUP(L28,Config!$M$2:$M$3,Config!$N$2:$N$3),_xlfn.XLOOKUP(M28,Config!$O$2:$O$6,Config!$P$2:$P$6)) -> 8.7267168e-05 | Q28: 1 | R28: =P28*Q28*Config!$B$19 -> 6.4134075e-05
A29: 28 | B29: {WH_LOC} {EXIST} {POSS_NP}? | C29: {WH_LOC_EN} {BE_EN} {POSS_NP_EN}? | D29: ¿{WH_LOC_ES} {COP_ES} {POSS_NP_ES}? | E29: WH-locative question about a possessed NP. | F29: 3sg - Possesed noun | G29: 1-cop | H29: PRS | I29: Simple | K29: Active | L29: aff | M29: Where question | N29: None | O29: Where is my phone? | P29: =PRODUCT(_xlfn.XLOOKUP(F29,Config!$A$2:$A$15,Config!$B$2:$B$15),_xlfn.XLOOKUP(G29,Config!$C$2:$C$7,Config!$D$2:$D$7),_xlfn.XLOOKUP(H29,Config!$E$2:$E$5,Config!$F$2:$F$5),_xlfn.XLOOKUP(I29,Config!$G$2:$G$3,Config!$H$2:$H$3),_xlfn.XLOOKUP(J29,Config!$I$2:$I$3,Config!$J$2:$J$3),_xlfn.XLOOKUP(K29,Config!$K$2:$K$3,Config!$L$2:$L$3),_xlfn.XLOOKUP(L29,Config!$M$2:$M$3,Config!$N$2:$N$3),_xlfn.XLOOKUP(M29,Config!$O$2:$O$6,Config!$P$2:$P$6)) -> 0.00023271245 | Q29: 1 | R29: =P29*Q29*Config!$B$19 -> 0.0001710242
A30: 29 | B30: {YN_Q_MARKER} {OCCUPATION} {NAME}? | C30: {BE_EN} {NAME_EN} {OCCUPATION_EN}? | D30: ¿{NAME_ES} {COP_ES} {OCCUPATION_ES}? | F30: 3sg - Name | G30: 1-cop | H30: PRS | I30: Simple | K30: Active | L30: aff | M30: Yes/no question | N30: Is occupation | O30: Is Mateo a fireman? | P30: =PRODUCT(_xlfn.XLOOKUP(F30,Config!$A$2:$A$15,Config!$B$2:$B$15),_xlfn.XLOOKUP(G30,Config!$C$2:$C$7,Config!$D$2:$D$7),_xlfn.XLOOKUP(H30,Config!$E$2:$E$5,Config!$F$2:$F$5),_xlfn.XLOOKUP(I30,Config!$G$2:$G$3,Config!$H$2:$H$3),_xlfn.XLOOKUP(J30,Config!$I$2:$I$3,Config!$J$2:$J$3),_xlfn.XLOOKUP(K30,Config!$K$2:$K$3,Config!$L$2:$L$3),_xlfn.XLOOKUP(L30,Config!$M$2:$M$3,Config!$N$2:$N$3),_xlfn.XLOOKUP(M30,Config!$O$2:$O$6,Config!$P$2:$P$6)) -> 0.00069813735 | Q30: 1 | R30: =P30*Q30*Config!$B$19 -> 0.0005130726
A31: 30 | B31: {YN_Q_MARKER} {ADJ} {NAME}? | C31: {BE_EN} {NAME_EN} {ADJ_EN}? | D31: ¿{NAME_ES} {COP_ES} {ADJ_ES}? | F31: 3sg - Name | G31: 1-cop | H31: PRS | I31: Simple | K31: Active | L31: aff | M31: Yes/no question | N31: None | O31: Is Carlos kind? | P31: =PRODUCT(_xlfn.XLOOKUP(F31,Config!$A$2:$A$15,Config!$B$2:$B$15),_xlfn.XLOOKUP(G31,Config!$C$2:$C$7,Config!$D$2:$D$7),_xlfn.XLOOKUP(H31,Config!$E$2:$E$5,Config!$F$2:$F$5),_xlfn.XLOOKUP(I31,Config!$G$2:$G$3,Config!$H$2:$H$3),_xlfn.XLOOKUP(J31,Config!$I$2:$I$3,Config!$J$2:$J$3),_xlfn.XLOOKUP(K31,Config!$K$2:$K$3,Config!$L$2:$L$3),_xlfn.XLOOKUP(L31,Config!$M$2:$M$3,Config!$N$2:$N$3),_xlfn.XLOOKUP(M31,Config!$O$2:$O$6,Config!$P$2:$P$6)) -> 0.00069813735 | Q31: 1 | R31: =P31*Q31*Config!$B$19 -> 0.0005130726
A32: 31 | B32: {YN_Q_MARKER} {ADJ} {NP}? | C32: {BE_EN} {NP_EN} {ADJ_EN}? | D32: ¿{NP_ES} {COP_ES} {ADJ_ES}? | E32: Yes/no attributive question. | F32: 3sg - Noun | G32: 1-cop | H32: PRS | I32: Simple | K32: Active | L32: aff | M32: Yes/no question | N32: None | O32: Is the house big? | P32: =PRODUCT(_xlfn.XLOOKUP(F32,Config!$A$2:$A$15,Config!$B$2:$B$15),_xlfn.XLOOKUP(G32,Config!$C$2:$C$7,Config!$D$2:$D$7),_xlfn.XLOOKUP(H32,Config!$E$2:$E$5,Config!$F$2:$F$5),_xlfn.XLOOKUP(I32,Config!$G$2:$G$3,Config!$H$2:$H$3),_xlfn.XLOOKUP(J32,Config!$I$2:$I$3,Config!$J$2:$J$3),_xlfn.XLOOKUP(K32,Config!$K$2:$K$3,Config!$L$2:$L$3),_xlfn.XLOOKUP(L32,Config!$M$2:$M$3,Config!$N$2:$N$3),_xlfn.XLOOKUP(M32,Config!$O$2:$O$6,Config!$P$2:$P$6)) -> 0.00069813735 | Q32: 1 | R32: =P32*Q32*Config!$B$19 -> 0.0005130726
A33: 32 | B33: {YN_Q_MARKER} {ADJ} {NP}? | C33: {BE_EN} {NP_EN} {ADJ_EN}? | D33: ¿{COP_ES} {ADJ_ES} {NP_ES}? | E33: Yes/no attributive question. Variant for Spanish. | F33: 3sg - Noun | G33: 1-cop | H33: PRS | I33: Simple | K33: Active | L33: aff | M33: Yes/no question | N33: None | O33: Is the house big? | P33: =PRODUCT(_xlfn.XLOOKUP(F33,Config!$A$2:$A$15,Config!$B$2:$B$15),_xlfn.XLOOKUP(G33,Config!$C$2:$C$7,Config!$D$2:$D$7),_xlfn.XLOOKUP(H33,Config!$E$2:$E$5,Config!$F$2:$F$5),_xlfn.XLOOKUP(I33,Config!$G$2:$G$3,Config!$H$2:$H$3),_xlfn.XLOOKUP(J33,Config!$I$2:$I$3,Config!$J$2:$J$3),_xlfn.XLOOKUP(K33,Config!$K$2:$K$3,Config!$L$2:$L$3),_xlfn.XLOOKUP(L33,Config!$M$2:$M$3,Config!$N$2:$N$3),_xlfn.XLOOKUP(M33,Config!$O$2:$O$6,Config!$P$2:$P$6)) -> 0.00069813735 | Q33: 1 | R33: =P33*Q33*Config!$B$19 -> 0.0005130726
A34: 33 | B34: {YN_Q_MARKER} {ADJ} {NP_PL}? | C34: {BE_EN} {NP_PL_EN} {ADJ_EN}? | D34: ¿{COP_ES} {NP_PL_ES} {ADJ_ES}? | E34: Yes/no attributive question. | F34: 3pl - Noun def | G34: 1-cop | H34: PRS | I34: Simple | K34: Active | L34: aff | M34: Yes/no question | N34: None | O34: Are the houses big? | P34: =PRODUCT(_xlfn.XLOOKUP(F34,Config!$A$2:$A$15,Config!$B$2:$B$15),_xlfn.XLOOKUP(G34,Config!$C$2:$C$7,Config!$D$2:$D$7),_xlfn.XLOOKUP(H34,Config!$E$2:$E$5,Config!$F$2:$F$5),_xlfn.XLOOKUP(I34,Config!$G$2:$G$3,Config!$H$2:$H$3),_xlfn.XLOOKUP(J34,Config!$I$2:$I$3,Config!$J$2:$J$3),_xlfn.XLOOKUP(K34,Config!$K$2:$K$3,Config!$L$2:$L$3),_xlfn.XLOOKUP(L34,Config!$M$2:$M$3,Config!$N$2:$N$3),_xlfn.XLOOKUP(M34,Config!$O$2:$O$6,Config!$P$2:$P$6)) -> 0.00026180151 | Q34: 1 | R34: =P34*Q34*Config!$B$19 -> 0.00019240222
A35: 34 | B35: {YN_Q_MARKER} {ADJ} {NP_PL}? | C35: {BE_EN} {NP_PL_INDEF_EN} {ADJ_EN}? | D35: ¿{COP_ES} {NP_PL_ES} {ADJ_ES}? | E35: Yes/no attributive question. | F35: 3pl - Noun indef | G35: 1-cop | H35: PRS | I35: Simple | K35: Active | L35: aff | M35: Yes/no question | N35: None | O35: Are mice small? | P35: =PRODUCT(_xlfn.XLOOKUP(F35,Config!$A$2:$A$15,Config!$B$2:$B$15),_xlfn.XLOOKUP(G35,Config!$C$2:$C$7,Config!$D$2:$D$7),_xlfn.XLOOKUP(H35,Config!$E$2:$E$5,Config!$F$2:$F$5),_xlfn.XLOOKUP(I35,Config!$G$2:$G$3,Config!$H$2:$H$3),_xlfn.XLOOKUP(J35,Config!$I$2:$I$3,Config!$J$2:$J$3),_xlfn.XLOOKUP(K35,Config!$K$2:$K$3,Config!$L$2:$L$3),_xlfn.XLOOKUP(L35,Config!$M$2:$M$3,Config!$N$2:$N$3),_xlfn.XLOOKUP(M35,Config!$O$2:$O$6,Config!$P$2:$P$6)) -> 0.00026180151 | Q35: 1 | R35: =P35*Q35*Config!$B$19 -> 0.00019240222
A36: 35 | B36: {YN_Q_MARKER} {ADJ} {POSS_NP_PL_PRE}? | C36: {BE_EN} {POSS_NP_PL_EN} {ADJ_EN}? | D36: ¿{COP_ES} {ADJ_ES} {POSS_NP_PL_ES}? | E36: Yes/no question for an attributive predicate, possessed noun has preposed plural marker | F36: 3pl - Possessed noun | G36: 1-cop | H36: PRS | I36: Simple | K36: Active | L36: aff | M36: Yes/no question | N36: None | O36: Are my brothers kind? | P36: =PRODUCT(_xlfn.XLOOKUP(F36,Config!$A$2:$A$15,Config!$B$2:$B$15),_xlfn.XLOOKUP(G36,Config!$C$2:$C$7,Config!$D$2:$D$7),_xlfn.XLOOKUP(H36,Config!$E$2:$E$5,Config!$F$2:$F$5),_xlfn.XLOOKUP(I36,Config!$G$2:$G$3,Config!$H$2:$H$3),_xlfn.XLOOKUP(J36,Config!$I$2:$I$3,Config!$J$2:$J$3),_xlfn.XLOOKUP(K36,Config!$K$2:$K$3,Config!$L$2:$L$3),_xlfn.XLOOKUP(L36,Config!$M$2:$M$3,Config!$N$2:$N$3),_xlfn.XLOOKUP(M36,Config!$O$2:$O$6,Config!$P$2:$P$6)) -> 0.00026180151 | Q36: 1 | R36: =P36*Q36*Config!$B$19 -> 0.00019240222
A37: 36 | B37: {YN_Q_MARKER} {ADJ} {POSS_NP_PL_POST}? | C37: {BE_EN} {POSS_NP_PL_EN} {ADJ_EN}? | D37: ¿{COP_ES} {ADJ_ES} {POSS_NP_PL_ES}? | E37: Yes/no question for an attributive predicate, possessed noun has postposed plural marker | F37: 3pl - Possessed noun | G37: 1-cop | H37: PRS | I37: Simple | K37: Active | L37: aff | M37: Yes/no question | N37: None | O37: Are my brothers kind? | P37: =PRODUCT(_xlfn.XLOOKUP(F37,Config!$A$2:$A$15,Config!$B$2:$B$15),_xlfn.XLOOKUP(G37,Config!$C$2:$C$7,Config!$D$2:$D$7),_xlfn.XLOOKUP(H37,Config!$E$2:$E$5,Config!$F$2:$F$5),_xlfn.XLOOKUP(I37,Config!$G$2:$G$3,Config!$H$2:$H$3),_xlfn.XLOOKUP(J37,Config!$I$2:$I$3,Config!$J$2:$J$3),_xlfn.XLOOKUP(K37,Config!$K$2:$K$3,Config!$L$2:$L$3),_xlfn.XLOOKUP(L37,Config!$M$2:$M$3,Config!$N$2:$N$3),_xlfn.XLOOKUP(M37,Config!$O$2:$O$6,Config!$P$2:$P$6)) -> 0.00026180151 | Q37: 1 | R37: =P37*Q37*Config!$B$19 -> 0.00019240222
A38: 37 | B38: {YN_Q_MARKER} {ADJ} {POSS_NP}? | C38: {BE_EN} {POSS_NP_EN} {ADJ_EN}? | D38: ¿{POSS_NP_ES} {COP_ES} {ADJ_ES}? | E38: Yes/no question for an attributive predicate. | F38: 3sg - Possesed noun | G38: 1-cop | H38: PRS | I38: Simple | K38: Active | L38: aff | M38: Yes/no question | N38: None | O38: Is my wife kind? | P38: =PRODUCT(_xlfn.XLOOKUP(F38,Config!$A$2:$A$15,Config!$B$2:$B$15),_xlfn.XLOOKUP(G38,Config!$C$2:$C$7,Config!$D$2:$D$7),_xlfn.XLOOKUP(H38,Config!$E$2:$E$5,Config!$F$2:$F$5),_xlfn.XLOOKUP(I38,Config!$G$2:$G$3,Config!$H$2:$H$3),_xlfn.XLOOKUP(J38,Config!$I$2:$I$3,Config!$J$2:$J$3),_xlfn.XLOOKUP(K38,Config!$K$2:$K$3,Config!$L$2:$L$3),_xlfn.XLOOKUP(L38,Config!$M$2:$M$3,Config!$N$2:$N$3),_xlfn.XLOOKUP(M38,Config!$O$2:$O$6,Config!$P$2:$P$6)) -> 0.00069813735 | Q38: 1 | R38: =P38*Q38*Config!$B$19 -> 0.0005130726
A39: 38 | B39: {YN_Q_MARKER} {ADJ} {POSS_NP}? | C39: {BE_EN} {POSS_NP_EN} {ADJ_EN}? | D39: ¿{COP_ES} {ADJ_ES} {POSS_NP_ES}? | E39: Yes/no question for an attributive predicate. Variant for Spanish. | F39: 3sg - Possesed noun | G39: 1-cop | H39: PRS | I39: Simple | K39: Active | L39: aff | M39: Yes/no question | N39: None | O39: Is my wife kind? | P39: =PRODUCT(_xlfn.XLOOKUP(F39,Config!$A$2:$A$15,Config!$B$2:$B$15),_xlfn.XLOOKUP(G39,Config!$C$2:$C$7,Config!$D$2:$D$7),_xlfn.XLOOKUP(H39,Config!$E$2:$E$5,Config!$F$2:$F$5),_xlfn.XLOOKUP(I39,Config!$G$2:$G$3,Config!$H$2:$H$3),_xlfn.XLOOKUP(J39,Config!$I$2:$I$3,Config!$J$2:$J$3),_xlfn.XLOOKUP(K39,Config!$K$2:$K$3,Config!$L$2:$L$3),_xlfn.XLOOKUP(L39,Config!$M$2:$M$3,Config!$N$2:$N$3),_xlfn.XLOOKUP(M39,Config!$O$2:$O$6,Config!$P$2:$P$6)) -> 0.00069813735 | Q39: 1 | R39: =P39*Q39*Config!$B$19 -> 0.0005130726
A40: 39 | B40: {NEG_PRE} {ADJ} {NEG_SUF} {NAME}. | C40: {NAME_EN} {BE_NEG_EN} {ADJ_EN}. | D40: {NAME_ES} {COP_NEG_ES} {ADJ_ES}. | F40: 3sg - Name | G40: 1-cop | H40: PRS | I40: Simple | K40: Active | L40: neg | M40: Statement | N40: None | O40: Carlos is not kind | P40: =PRODUCT(_xlfn.XLOOKUP(F40,Config!$A$2:$A$15,Config!$B$2:$B$15),_xlfn.XLOOKUP(G40,Config!$C$2:$C$7,Config!$D$2:$D$7),_xlfn.XLOOKUP(H40,Config!$E$2:$E$5,Config!$F$2:$F$5),_xlfn.XLOOKUP(I40,Config!$G$2:$G$3,Config!$H$2:$H$3),_xlfn.XLOOKUP(J40,Config!$I$2:$I$3,Config!$J$2:$J$3),_xlfn.XLOOKUP(K40,Config!$K$2:$K$3,Config!$L$2:$L$3),_xlfn.XLOOKUP(L40,Config!$M$2:$M$3,Config!$N$2:$N$3),_xlfn.XLOOKUP(M40,Config!$O$2:$O$6,Config!$P$2:$P$6)) -> 0.00049280283 | Q40: 1 | R40: =P40*Q40*Config!$B$19 -> 0.00036216889
A41: 40 | B41: {NEG_PRE} {ADJ} {NEG_SUF} {NP}. | C41: {NP_EN} {BE_NEG_EN} {ADJ_EN}. | D41: {NP_ES} {COP_NEG_ES} {ADJ_ES}. | E41: Negative attributive predicate. | F41: 3sg - Noun | G41: 1-cop | H41: PRS | I41: Simple | K41: Active | L41: neg | M41: Statement | N41: None | O41: The house is not big. | P41: =PRODUCT(_xlfn.XLOOKUP(F41,Config!$A$2:$A$15,Config!$B$2:$B$15),_xlfn.XLOOKUP(G41,Config!$C$2:$C$7,Config!$D$2:$D$7),_xlfn.XLOOKUP(H41,Config!$E$2:$E$5,Config!$F$2:$F$5),_xlfn.XLOOKUP(I41,Config!$G$2:$G$3,Config!$H$2:$H$3),_xlfn.XLOOKUP(J41,Config!$I$2:$I$3,Config!$J$2:$J$3),_xlfn.XLOOKUP(K41,Config!$K$2:$K$3,Config!$L$2:$L$3),_xlfn.XLOOKUP(L41,Config!$M$2:$M$3,Config!$N$2:$N$3),_xlfn.XLOOKUP(M41,Config!$O$2:$O$6,Config!$P$2:$P$6)) -> 0.00049280283 | Q41: 1 | R41: =P41*Q41*Config!$B$19 -> 0.00036216889
A42: 41 | B42: {NEG_PRE} {ADJ} {NEG_SUF} {NP_PL}. | C42: {NP_PL_EN} {BE_NEG_EN} {ADJ_EN}. | D42: {NP_PL_ES} {COP_NEG_ES} {ADJ_ES}. | E42: Negative attributive predicate. | F42: 3pl - Noun def | G42: 1-cop | H42: PRS | I42: Simple | K42: Active | L42: neg | M42: Statement | N42: None | O42: The houses are not big. | P42: =PRODUCT(_xlfn.XLOOKUP(F42,Config!$A$2:$A$15,Config!$B$2:$B$15),_xlfn.XLOOKUP(G42,Config!$C$2:$C$7,Config!$D$2:$D$7),_xlfn.XLOOKUP(H42,Config!$E$2:$E$5,Config!$F$2:$F$5),_xlfn.XLOOKUP(I42,Config!$G$2:$G$3,Config!$H$2:$H$3),_xlfn.XLOOKUP(J42,Config!$I$2:$I$3,Config!$J$2:$J$3),_xlfn.XLOOKUP(K42,Config!$K$2:$K$3,Config!$L$2:$L$3),_xlfn.XLOOKUP(L42,Config!$M$2:$M$3,Config!$N$2:$N$3),_xlfn.XLOOKUP(M42,Config!$O$2:$O$6,Config!$P$2:$P$6)) -> 0.00018480106 | Q42: 1 | R42: =P42*Q42*Config!$B$19 -> 0.00013581333
A43: 42 | B43: {NEG_PRE} {ADJ} {NEG_SUF} {NP_PL}. | C43: {NP_PL_INDEF_EN} {BE_NEG_EN} {ADJ_EN}. | D43: {NP_PL_ES} {COP_NEG_ES} {ADJ_ES}. | E43: Negative attributive predicate. | F43: 3pl - Noun indef | G43: 1-cop | H43: PRS | I43: Simple | K43: Active | L43: neg | M43: Statement | N43: None | O43: Mice are not big. | P43: =PRODUCT(_xlfn.XLOOKUP(F43,Config!$A$2:$A$15,Config!$B$2:$B$15),_xlfn.XLOOKUP(G43,Config!$C$2:$C$7,Config!$D$2:$D$7),_xlfn.XLOOKUP(H43,Config!$E$2:$E$5,Config!$F$2:$F$5),_xlfn.XLOOKUP(I43,Config!$G$2:$G$3,Config!$H$2:$H$3),_xlfn.XLOOKUP(J43,Config!$I$2:$I$3,Config!$J$2:$J$3),_xlfn.XLOOKUP(K43,Config!$K$2:$K$3,Config!$L$2:$L$3),_xlfn.XLOOKUP(L43,Config!$M$2:$M$3,Config!$N$2:$N$3),_xlfn.XLOOKUP(M43,Config!$O$2:$O$6,Config!$P$2:$P$6)) -> 0.00018480106 | Q43: 1 | R43: =P43*Q43*Config!$B$19 -> 0.00013581333
A44: 43 | B44: {NEG_PRE} {ADJ} {NEG_SUF} {POSS_NP_PL_PRE}. | C44: {POSS_NP_PL_EN} {BE_NEG_EN} {ADJ_EN}. | D44: {POSS_NP_PL_ES} {COP_NEG_ES} {ADJ_ES}. | E44: Negative attributive predicate for possessed subject (preposed plural marker) | F44: 3pl - Possessed noun | G44: 1-cop | H44: PRS | I44: Simple | K44: Active | L44: neg | M44: Statement | N44: None | O44: My brothers are not kind. | P44: =PRODUCT(_xlfn.XLOOKUP(F44,Config!$A$2:$A$15,Config!$B$2:$B$15),_xlfn.XLOOKUP(G44,Config!$C$2:$C$7,Config!$D$2:$D$7),_xlfn.XLOOKUP(H44,Config!$E$2:$E$5,Config!$F$2:$F$5),_xlfn.XLOOKUP(I44,Config!$G$2:$G$3,Config!$H$2:$H$3),_xlfn.XLOOKUP(J44,Config!$I$2:$I$3,Config!$J$2:$J$3),_xlfn.XLOOKUP(K44,Config!$K$2:$K$3,Config!$L$2:$L$3),_xlfn.XLOOKUP(L44,Config!$M$2:$M$3,Config!$N$2:$N$3),_xlfn.XLOOKUP(M44,Config!$O$2:$O$6,Config!$P$2:$P$6)) -> 0.00018480106 | Q44: 1 | R44: =P44*Q44*Config!$B$19 -> 0.00013581333
A45: 44 | B45: {NEG_PRE} {ADJ} {NEG_SUF} {POSS_NP_PL_POST}. | C45: {POSS_NP_PL_EN} {BE_NEG_EN} {ADJ_EN}. | D45: {POSS_NP_PL_ES} {COP_NEG_ES} {ADJ_ES}. | E45: Negative attributive predicate for possessed subject (postposed plural marker) | F45: 3pl - Possessed noun | G45: 1-cop | H45: PRS | I45: Simple | K45: Active | L45: neg | M45: Statement | N45: None | O45: My brothers are not kind. | P45: =PRODUCT(_xlfn.XLOOKUP(F45,Config!$A$2:$A$15,Config!$B$2:$B$15),_xlfn.XLOOKUP(G45,Config!$C$2:$C$7,Config!$D$2:$D$7),_xlfn.XLOOKUP(H45,Config!$E$2:$E$5,Config!$F$2:$F$5),_xlfn.XLOOKUP(I45,Config!$G$2:$G$3,Config!$H$2:$H$3),_xlfn.XLOOKUP(J45,Config!$I$2:$I$3,Config!$J$2:$J$3),_xlfn.XLOOKUP(K45,Config!$K$2:$K$3,Config!$L$2:$L$3),_xlfn.XLOOKUP(L45,Config!$M$2:$M$3,Config!$N$2:$N$3),_xlfn.XLOOKUP(M45,Config!$O$2:$O$6,Config!$P$2:$P$6)) -> 0.00018480106 | Q45: 1 | R45: =P45*Q45*Config!$B$19 -> 0.00013581333
A46: 45 | B46: {NEG_PRE} {ADJ} {NEG_SUF} {POSS_NP}. | C46: {POSS_NP_EN} {BE_NEG_EN} {ADJ_EN}. | D46: {POSS_NP_ES} {COP_NEG_ES} {ADJ_ES}. | E46: Negative attributive predicate for possessed subject. | F46: 3sg - Possesed noun | G46: 1-cop | H46: PRS | I46: Simple | K46: Active | L46: neg | M46: Statement | N46: None | O46: My wife is not kind. | P46: =PRODUCT(_xlfn.XLOOKUP(F46,Config!$A$2:$A$15,Config!$B$2:$B$15),_xlfn.XLOOKUP(G46,Config!$C$2:$C$7,Config!$D$2:$D$7),_xlfn.XLOOKUP(H46,Config!$E$2:$E$5,Config!$F$2:$F$5),_xlfn.XLOOKUP(I46,Config!$G$2:$G$3,Config!$H$2:$H$3),_xlfn.XLOOKUP(J46,Config!$I$2:$I$3,Config!$J$2:$J$3),_xlfn.XLOOKUP(K46,Config!$K$2:$K$3,Config!$L$2:$L$3),_xlfn.XLOOKUP(L46,Config!$M$2:$M$3,Config!$N$2:$N$3),_xlfn.XLOOKUP(M46,Config!$O$2:$O$6,Config!$P$2:$P$6)) -> 0.00049280283 | Q46: 1 | R46: =P46*Q46*Config!$B$19 -> 0.00036216889
A47: 46 | B47: {V_INTR_IMP_PL}! | C47: {V_INTR_IMP_EN}! | D47: {V_INTR_IMP_USTEDES_ES}! | F47: 1pl | G47: 2-intr | H47: PRS | I47: Simple | J47: IMP | K47: Active | L47: aff | M47: Command | N47: None | O47: Let's dance | P47: =PRODUCT(_xlfn.XLOOKUP(F47,Config!$A$2:$A$15,Config!$B$2:$B$15),_xlfn.XLOOKUP(G47,Config!$C$2:$C$7,Config!$D$2:$D$7),_xlfn.XLOOKUP(H47,Config!$E$2:$E$5,Config!$F$2:$F$5),_xlfn.XLOOKUP(I47,Config!$G$2:$G$3,Config!$H$2:$H$3),_xlfn.XLOOKUP(J47,Config!$I$2:$I$3,Config!$J$2:$J$3),_xlfn.XLOOKUP(K47,Config!$K$2:$K$3,Config!$L$2:$L$3),_xlfn.XLOOKUP(L47,Config!$M$2:$M$3,Config!$N$2:$N$3),_xlfn.XLOOKUP(M47,Config!$O$2:$O$6,Config!$P$2:$P$6)) -> 0.00012654561 | Q47: 1 | R47: =P47*Q47*Config!$B$19 -> 9.3000447e-05
A48: 47 | B48: {V_INTR_IMP}! | C48: {V_INTR_IMP_EN}! | D48: {V_INTR_IMP_ES}! | F48: 2sg | G48: 2-intr | H48: PRS | I48: Simple | J48: IMP | K48: Active | L48: aff | M48: Command | N48: None | O48: Dance! | P48: =PRODUCT(_xlfn.XLOOKUP(F48,Config!$A$2:$A$15,Config!$B$2:$B$15),_xlfn.XLOOKUP(G48,Config!$C$2:$C$7,Config!$D$2:$D$7),_xlfn.XLOOKUP(H48,Config!$E$2:$E$5,Config!$F$2:$F$5),_xlfn.XLOOKUP(I48,Config!$G$2:$G$3,Config!$H$2:$H$3),_xlfn.XLOOKUP(J48,Config!$I$2:$I$3,Config!$J$2:$J$3),_xlfn.XLOOKUP(K48,Config!$K$2:$K$3,Config!$L$2:$L$3),_xlfn.XLOOKUP(L48,Config!$M$2:$M$3,Config!$N$2:$N$3),_xlfn.XLOOKUP(M48,Config!$O$2:$O$6,Config!$P$2:$P$6)) -> 0.00019429225 | Q48: 1 | R48: =P48*Q48*Config!$B$19 -> 0.00014278857
A49: 48 | B49: {V_INTR_IMP_PL}! | C49: {V_INTR_IMP_EN}! | D49: {V_INTR_IMP_USTEDES_ES}! | F49: 2pl | G49: 2-intr | H49: PRS | I49: Simple | J49: IMP | K49: Active | L49: aff | M49: Command | N49: None | O49: Dance, y' all! | P49: =PRODUCT(_xlfn.XLOOKUP(F49,Config!$A$2:$A$15,Config!$B$2:$B$15),_xlfn.XLOOKUP(G49,Config!$C$2:$C$7,Config!$D$2:$D$7),_xlfn.XLOOKUP(H49,Config!$E$2:$E$5,Config!$F$2:$F$5),_xlfn.XLOOKUP(I49,Config!$G$2:$G$3,Config!$H$2:$H$3),_xlfn.XLOOKUP(J49,Config!$I$2:$I$3,Config!$J$2:$J$3),_xlfn.XLOOKUP(K49,Config!$K$2:$K$3,Config!$L$2:$L$3),_xlfn.XLOOKUP(L49,Config!$M$2:$M$3,Config!$N$2:$N$3),_xlfn.XLOOKUP(M49,Config!$O$2:$O$6,Config!$P$2:$P$6)) -> 0.00010928939 | Q49: 1 | R49: =P49*Q49*Config!$B$19 -> 8.0318568e-05
A50: 49 | B50: {V_INTR_IMP_NEG}! | C50: Don't {V_INTR_BASE_EN}! | D50: {V_INTR_IMP_NEG_ES}! | F50: 2sg | G50: 2-intr | H50: PRS | I50: Simple | J50: IMP | K50: Active | L50: neg | M50: Command | N50: None | O50: Don't dance! | P50: =PRODUCT(_xlfn.XLOOKUP(F50,Config!$A$2:$A$15,Config!$B$2:$B$15),_xlfn.XLOOKUP(G50,Config!$C$2:$C$7,Config!$D$2:$D$7),_xlfn.XLOOKUP(H50,Config!$E$2:$E$5,Config!$F$2:$F$5),_xlfn.XLOOKUP(I50,Config!$G$2:$G$3,Config!$H$2:$H$3),_xlfn.XLOOKUP(J50,Config!$I$2:$I$3,Config!$J$2:$J$3),_xlfn.XLOOKUP(K50,Config!$K$2:$K$3,Config!$L$2:$L$3),_xlfn.XLOOKUP(L50,Config!$M$2:$M$3,Config!$N$2:$N$3),_xlfn.XLOOKUP(M50,Config!$O$2:$O$6,Config!$P$2:$P$6)) -> 3.4286868e-05 | Q50: 1 | R50: =P50*Q50*Config!$B$19 -> 2.5197982e-05
A51: 50 | B51: {V_INTR_IMP_NEG_PL}! | C51: Don't {V_INTR_BASE_EN}! | D51: {V_INTR_IMP_USTEDES_NEG_ES}! | F51: 2pl | G51: 2-intr | H51: PRS | I51: Simple | J51: IMP | K51: Active | L51: neg | M51: Command | N51: None | O51: Don't sleep! | P51: =PRODUCT(_xlfn.XLOOKUP(F51,Config!$A$2:$A$15,Config!$B$2:$B$15),_xlfn.XLOOKUP(G51,Config!$C$2:$C$7,Config!$D$2:$D$7),_xlfn.XLOOKUP(H51,Config!$E$2:$E$5,Config!$F$2:$F$5),_xlfn.XLOOKUP(I51,Config!$G$2:$G$3,Config!$H$2:$H$3),_xlfn.XLOOKUP(J51,Config!$I$2:$I$3,Config!$J$2:$J$3),_xlfn.XLOOKUP(K51,Config!$K$2:$K$3,Config!$L$2:$L$3),_xlfn.XLOOKUP(L51,Config!$M$2:$M$3,Config!$N$2:$N$3),_xlfn.XLOOKUP(M51,Config!$O$2:$O$6,Config!$P$2:$P$6)) -> 1.9286363e-05 | Q51: 1 | R51: =P51*Q51*Config!$B$19 -> 1.4173865e-05
A52: 51 | B52: {V_INTR_PROG}. | C52: {SUBJ_PRONOUN_EN} {BE_EN} {V_INTR_PROG_EN}. | D52: {SUBJ_PRONOUN_ES} {V_INTR_PROG_ES}. | E52: Intransitive progressive (present) with pronoun subject. | F52: 1sg | G52: 2-intr | H52: PRS | I52: PROG | K52: Active | L52: aff | M52: Statement | N52: None | O52: I am running. | P52: =PRODUCT(_xlfn.XLOOKUP(F52,Config!$A$2:$A$15,Config!$B$2:$B$15),_xlfn.XLOOKUP(G52,Config!$C$2:$C$7,Config!$D$2:$D$7),_xlfn.XLOOKUP(H52,Config!$E$2:$E$5,Config!$F$2:$F$5),_xlfn.XLOOKUP(I52,Config!$G$2:$G$3,Config!$H$2:$H$3),_xlfn.XLOOKUP(J52,Config!$I$2:$I$3,Config!$J$2:$J$3),_xlfn.XLOOKUP(K52,Config!$K$2:$K$3,Config!$L$2:$L$3),_xlfn.XLOOKUP(L52,Config!$M$2:$M$3,Config!$N$2:$N$3),_xlfn.XLOOKUP(M52,Config!$O$2:$O$6,Config!$P$2:$P$6)) -> 0.0034709653 | Q52: 1 | R52: =P52*Q52*Config!$B$19 -> 0.0025508694
A53: 52 | B53: {V_INTR_PROG}. | C53: {SUBJ_PRONOUN_EN} {BE_EN} {V_INTR_PROG_EN}. | D53: {SUBJ_PRONOUN_ES} {V_INTR_PROG_ES}. | E53: Intransitive progressive (present) with pronoun subject. | F53: 1pl | G53: 2-intr | H53: PRS | I53: PROG | K53: Active | L53: aff | M53: Statement | N53: None | P53: =PRODUCT(_xlfn.XLOOKUP(F53,Config!$A$2:$A$15,Config!$B$2:$B$15),_xlfn.XLOOKUP(G53,Config!$C$2:$C$7,Config!$D$2:$D$7),_xlfn.XLOOKUP(H53,Config!$E$2:$E$5,Config!$F$2:$F$5),_xlfn.XLOOKUP(I53,Config!$G$2:$G$3,Config!$H$2:$H$3),_xlfn.XLOOKUP(J53,Config!$I$2:$I$3,Config!$J$2:$J$3),_xlfn.XLOOKUP(K53,Config!$K$2:$K$3,Config!$L$2:$L$3),_xlfn.XLOOKUP(L53,Config!$M$2:$M$3,Config!$N$2:$N$3),_xlfn.XLOOKUP(M53,Config!$O$2:$O$6,Config!$P$2:$P$6)) -> 0.001952418 | Q53: 1 | R53: =P53*Q53*Config!$B$19 -> 0.001434864
A54: 53 | B54: {V_INTR_PROG}. | C54: {SUBJ_PRONOUN_EN} {BE_EN} {V_INTR_PROG_EN}. | D54: {SUBJ_PRONOUN_ES} {V_INTR_PROG_ES}. | E54: Intransitive progressive (present) with pronoun subject. | F54: 2sg | G54: 2-intr | H54: PRS | I54: PROG | K54: Active | L54: aff | M54: Statement | N54: None | P54: =PRODUCT(_xlfn.XLOOKUP(F54,Config!$A$2:$A$15,Config!$B$2:$B$15),_xlfn.XLOOKUP(G54,Config!$C$2:$C$7,Config!$D$2:$D$7),_xlfn.XLOOKUP(H54,Config!$E$2:$E$5,Config!$F$2:$F$5),_xlfn.XLOOKUP(I54,Config!$G$2:$G$3,Config!$H$2:$H$3),_xlfn.XLOOKUP(J54,Config!$I$2:$I$3,Config!$J$2:$J$3),_xlfn.XLOOKUP(K54,Config!$K$2:$K$3,Config!$L$2:$L$3),_xlfn.XLOOKUP(L54,Config!$M$2:$M$3,Config!$N$2:$N$3),_xlfn.XLOOKUP(M54,Config!$O$2:$O$6,Config!$P$2:$P$6)) -> 0.0029976519 | Q54: 1 | R54: =P54*Q54*Config!$B$19 -> 0.0022030236
A55: 54 | B55: {V_INTR_PROG}. | C55: {SUBJ_PRONOUN_EN} {BE_EN} {V_INTR_PROG_EN}. | D55: {SUBJ_PRONOUN_ES} {V_INTR_PROG_ES}. | E55: Intransitive progressive (present) with pronoun subject. | F55: 2pl | G55: 2-intr | H55: PRS | I55: PROG | K55: Active | L55: aff | M55: Statement | N55: None | P55: =PRODUCT(_xlfn.XLOOKUP(F55,Config!$A$2:$A$15,Config!$B$2:$B$15),_xlfn.XLOOKUP(G55,Config!$C$2:$C$7,Config!$D$2:$D$7),_xlfn.XLOOKUP(H55,Config!$E$2:$E$5,Config!$F$2:$F$5),_xlfn.XLOOKUP(I55,Config!$G$2:$G$3,Config!$H$2:$H$3),_xlfn.XLOOKUP(J55,Config!$I$2:$I$3,Config!$J$2:$J$3),_xlfn.XLOOKUP(K55,Config!$K$2:$K$3,Config!$L$2:$L$3),_xlfn.XLOOKUP(L55,Config!$M$2:$M$3,Config!$N$2:$N$3),_xlfn.XLOOKUP(M55,Config!$O$2:$O$6,Config!$P$2:$P$6)) -> 0.0016861792 | Q55: 1 | R55: =P55*Q55*Config!$B$19 -> 0.0012392008
A56: 55 | B56: {V_INTR_PROG}. | C56: {SUBJ_PRONOUN_EN} {BE_EN} {V_INTR_PROG_EN}. | D56: {V_INTR_PROG_ES}. | E56: Intransitive progressive (present) with pronoun subject. | F56: 3sg | G56: 2-intr | H56: PRS | I56: PROG | K56: Active | L56: aff | M56: Statement | N56: ES: Headless | O56: He's running | P56: =PRODUCT(_xlfn.XLOOKUP(F56,Config!$A$2:$A$15,Config!$B$2:$B$15),_xlfn.XLOOKUP(G56,Config!$C$2:$C$7,Config!$D$2:$D$7),_xlfn.XLOOKUP(H56,Config!$E$2:$E$5,Config!$F$2:$F$5),_xlfn.XLOOKUP(I56,Config!$G$2:$G$3,Config!$H$2:$H$3),_xlfn.XLOOKUP(J56,Config!$I$2:$I$3,Config!$J$2:$J$3),_xlfn.XLOOKUP(K56,Config!$K$2:$K$3,Config!$L$2:$L$3),_xlfn.XLOOKUP(L56,Config!$M$2:$M$3,Config!$N$2:$N$3),_xlfn.XLOOKUP(M56,Config!$O$2:$O$6,Config!$P$2:$P$6)) -> 0.0023271245 | Q56: 1 | R56: =P56*Q56*Config!$B$19 -> 0.001710242
A57: 56 | B57: {V_INTR_PROG}. | C57: {SUBJ_PRONOUN_EN} {BE_EN} {V_INTR_PROG_EN}. | D57: {SUBJ_PRONOUN_ES} {V_INTR_PROG_ES}. | E57: Intransitive progressive (present) with pronoun subject. | F57: 3sg | G57: 2-intr | H57: PRS | I57: PROG | K57: Active | L57: aff | M57: Statement | N57: None | O57: He's running | P57: =PRODUCT(_xlfn.XLOOKUP(F57,Config!$A$2:$A$15,Config!$B$2:$B$15),_xlfn.XLOOKUP(G57,Config!$C$2:$C$7,Config!$D$2:$D$7),_xlfn.XLOOKUP(H57,Config!$E$2:$E$5,Config!$F$2:$F$5),_xlfn.XLOOKUP(I57,Config!$G$2:$G$3,Config!$H$2:$H$3),_xlfn.XLOOKUP(J57,Config!$I$2:$I$3,Config!$J$2:$J$3),_xlfn.XLOOKUP(K57,Config!$K$2:$K$3,Config!$L$2:$L$3),_xlfn.XLOOKUP(L57,Config!$M$2:$M$3,Config!$N$2:$N$3),_xlfn.XLOOKUP(M57,Config!$O$2:$O$6,Config!$P$2:$P$6)) -> 0.0023271245 | Q57: 1 | R57: =P57*Q57*Config!$B$19 -> 0.001710242
A58: 57 | B58: {V_INTR_PROG} {NAME}. | C58: {NAME_EN} {BE_EN} {V_INTR_PROG_EN}. | D58: {NAME_ES} {V_INTR_PROG_ES}. | E58: Intransitive progressive (present) with proper-name subject. | F58: 3sg - Name | G58: 2-intr | H58: PRS | I58: PROG | K58: Active | L58: aff | M58: Statement | N58: None | O58: Pedro is coughing. | P58: =PRODUCT(_xlfn.XLOOKUP(F58,Config!$A$2:$A$15,Config!$B$2:$B$15),_xlfn.XLOOKUP(G58,Config!$C$2:$C$7,Config!$D$2:$D$7),_xlfn.XLOOKUP(H58,Config!$E$2:$E$5,Config!$F$2:$F$5),_xlfn.XLOOKUP(I58,Config!$G$2:$G$3,Config!$H$2:$H$3),_xlfn.XLOOKUP(J58,Config!$I$2:$I$3,Config!$J$2:$J$3),_xlfn.XLOOKUP(K58,Config!$K$2:$K$3,Config!$L$2:$L$3),_xlfn.XLOOKUP(L58,Config!$M$2:$M$3,Config!$N$2:$N$3),_xlfn.XLOOKUP(M58,Config!$O$2:$O$6,Config!$P$2:$P$6)) -> 0.0023271245 | Q58: 1 | R58: =P58*Q58*Config!$B$19 -> 0.001710242
A59: 58 | B59: {ADV} {V_INTR_PROG} {NP}. | C59: {NP_EN} {BE_EN} {V_INTR_PROG_EN} {ADV_EN}. | D59: {NP_ES} {V_INTR_PROG_ES} {ADV_ES}. | E59: Intransitive progressive (present) with adverb. | F59: 3sg - Noun | G59: 2-intr | H59: PRS | I59: PROG | K59: Active | L59: aff | M59: Statement | N59: Has adverb | O59: The child is running quickly. | P59: =PRODUCT(_xlfn.XLOOKUP(F59,Config!$A$2:$A$15,Config!$B$2:$B$15),_xlfn.XLOOKUP(G59,Config!$C$2:$C$7,Config!$D$2:$D$7),_xlfn.XLOOKUP(H59,Config!$E$2:$E$5,Config!$F$2:$F$5),_xlfn.XLOOKUP(I59,Config!$G$2:$G$3,Config!$H$2:$H$3),_xlfn.XLOOKUP(J59,Config!$I$2:$I$3,Config!$J$2:$J$3),_xlfn.XLOOKUP(K59,Config!$K$2:$K$3,Config!$L$2:$L$3),_xlfn.XLOOKUP(L59,Config!$M$2:$M$3,Config!$N$2:$N$3),_xlfn.XLOOKUP(M59,Config!$O$2:$O$6,Config!$P$2:$P$6)) -> 0.0023271245 | Q59: 1 | R59: =P59*Q59*Config!$B$19 -> 0.001710242 | S59: Adverbs don't seem common - maybe drop?
A60: 59 | B60: {V_INTR_PROG} {NP}. | C60: {NP_EN} {BE_EN} {V_INTR_PROG_EN}. | D60: {NP_ES} {V_INTR_PROG_ES}. | E60: Intransitive progressive (present) with lexical NP subject. | F60: 3sg - Noun | G60: 2-intr | H60: PRS | I60: PROG | K60: Active | L60: aff | M60: Statement | N60: None | O60: The child is running. | P60: =PRODUCT(_xlfn.XLOOKUP(F60,Config!$A$2:$A$15,Config!$B$2:$B$15),_xlfn.XLOOKUP(G60,Config!$C$2:$C$7,Config!$D$2:$D$7),_xlfn.XLOOKUP(H60,Config!$E$2:$E$5,Config!$F$2:$F$5),_xlfn.XLOOKUP(I60,Config!$G$2:$G$3,Config!$H$2:$H$3),_xlfn.XLOOKUP(J60,Config!$I$2:$I$3,Config!$J$2:$J$3),_xlfn.XLOOKUP(K60,Config!$K$2:$K$3,Config!$L$2:$L$3),_xlfn.XLOOKUP(L60,Config!$M$2:$M$3,Config!$N$2:$N$3),_xlfn.XLOOKUP(M60,Config!$O$2:$O$6,Config!$P$2:$P$6)) -> 0.0023271245 | Q60: 1 | R60: =P60*Q60*Config!$B$19 -> 0.001710242
A61: 60 | B61: {V_INTR_PROG}. | C61: {SUBJ_PRONOUN_EN} {BE_EN} {V_INTR_PROG_EN}. | D61: {SUBJ_PRONOUN_ES} {V_INTR_PROG_ES}. | E61: Intransitive progressive (present) with pronoun subject. | F61: 3pl | G61: 2-intr | H61: PRS | I61: PROG | K61: Active | L61: aff | M61: Statement | N61: None | P61: =PRODUCT(_xlfn.XLOOKUP(F61,Config!$A$2:$A$15,Config!$B$2:$B$15),_xlfn.XLOOKUP(G61,Config!$C$2:$C$7,Config!$D$2:$D$7),_xlfn.XLOOKUP(H61,Config!$E$2:$E$5,Config!$F$2:$F$5),_xlfn.XLOOKUP(I61,Config!$G$2:$G$3,Config!$H$2:$H$3),_xlfn.XLOOKUP(J61,Config!$I$2:$I$3,Config!$J$2:$J$3),_xlfn.XLOOKUP(K61,Config!$K$2:$K$3,Config!$L$2:$L$3),_xlfn.XLOOKUP(L61,Config!$M$2:$M$3,Config!$N$2:$N$3),_xlfn.XLOOKUP(M61,Config!$O$2:$O$6,Config!$P$2:$P$6)) -> 0.00087267168 | Q61: 1 | R61: =P61*Q61*Config!$B$19 -> 0.00064134075
A62: 61 | B62: {V_INTR_PROG} {NUM_NP}. | C62: {NUM_NP_EN} {BE_EN} {V_INTR_PROG_EN}. | D62: {NUM_NP_ES} {V_INTR_PROG_ES}. | E62: Numeric NP + intransitive progressive. | F62: 3pl - Noun indef with numeral | G62: 2-intr | H62: PRS | I62: PROG | K62: Active | L62: aff | M62: Statement | N62: None | O62: Three children are running. | P62: =PRODUCT(_xlfn.XLOOKUP(F62,Config!$A$2:$A$15,Config!$B$2:$B$15),_xlfn.XLOOKUP(G62,Config!$C$2:$C$7,Config!$D$2:$D$7),_xlfn.XLOOKUP(H62,Config!$E$2:$E$5,Config!$F$2:$F$5),_xlfn.XLOOKUP(I62,Config!$G$2:$G$3,Config!$H$2:$H$3),_xlfn.XLOOKUP(J62,Config!$I$2:$I$3,Config!$J$2:$J$3),_xlfn.XLOOKUP(K62,Config!$K$2:$K$3,Config!$L$2:$L$3),_xlfn.XLOOKUP(L62,Config!$M$2:$M$3,Config!$N$2:$N$3),_xlfn.XLOOKUP(M62,Config!$O$2:$O$6,Config!$P$2:$P$6)) -> 0.00087267168 | Q62: 1 | R62: =P62*Q62*Config!$B$19 -> 0.00064134075
A63: 62 | B63: {V_INTR_PROG} {POSS_NP}. | C63: {POSS_NP_EN} {BE_EN} {V_INTR_PROG_EN}. | D63: {POSS_NP_ES} {V_INTR_PROG_ES}. | E63: Intransitive progressive with possessed subject (often body parts). | F63: 3sg - Possesed noun | G63: 2-intr | H63: PRS | I63: PROG | K63: Active | L63: aff | M63: Statement | N63: None | O63: My head is hurting. | P63: =PRODUCT(_xlfn.XLOOKUP(F63,Config!$A$2:$A$15,Config!$B$2:$B$15),_xlfn.XLOOKUP(G63,Config!$C$2:$C$7,Config!$D$2:$D$7),_xlfn.XLOOKUP(H63,Config!$E$2:$E$5,Config!$F$2:$F$5),_xlfn.XLOOKUP(I63,Config!$G$2:$G$3,Config!$H$2:$H$3),_xlfn.XLOOKUP(J63,Config!$I$2:$I$3,Config!$J$2:$J$3),_xlfn.XLOOKUP(K63,Config!$K$2:$K$3,Config!$L$2:$L$3),_xlfn.XLOOKUP(L63,Config!$M$2:$M$3,Config!$N$2:$N$3),_xlfn.XLOOKUP(M63,Config!$O$2:$O$6,Config!$P$2:$P$6)) -> 0.0023271245 | Q63: 1 | R63: =P63*Q63*Config!$B$19 -> 0.001710242
A64: 63 | B64: {YN_Q_MARKER} {V_INTR_PROG} {NAME}? | C64: {BE_EN} {NAME_EN} {V_INTR_PROG_EN}? | D64: ¿{NAME_ES} {V_INTR_PROG_ES}? | F64: 3sg - Name | G64: 2-intr | H64: PRS | I64: PROG | K64: Active | L64: aff | M64: Yes/no question | N64: None | O64: Is María reading? | P64: =PRODUCT(_xlfn.XLOOKUP(F64,Config!$A$2:$A$15,Config!$B$2:$B$15),_xlfn.XLOOKUP(G64,Config!$C$2:$C$7,Config!$D$2:$D$7),_xlfn.XLOOKUP(H64,Config!$E$2:$E$5,Config!$F$2:$F$5),_xlfn.XLOOKUP(I64,Config!$G$2:$G$3,Config!$H$2:$H$3),_xlfn.XLOOKUP(J64,Config!$I$2:$I$3,Config!$J$2:$J$3),_xlfn.XLOOKUP(K64,Config!$K$2:$K$3,Config!$L$2:$L$3),_xlfn.XLOOKUP(L64,Config!$M$2:$M$3,Config!$N$2:$N$3),_xlfn.XLOOKUP(M64,Config!$O$2:$O$6,Config!$P$2:$P$6)) -> 0.00058178112 | Q64: 1 | R64: =P64*Q64*Config!$B$19 -> 0.0004275605
A65: 64 | B65: {NEG_PRE} {V_INTR_PROG} {NEG_SUF}. | C65: {SUBJ_PRONOUN_EN} {BE_NEG_EN} {V_INTR_PROG_EN}. | D65: {SUBJ_PRONOUN_ES} no {V_INTR_PROG_ES}. | E65: Negated intransitive progressive (present) with pronoun subject. | F65: 1sg | G65: 2-intr | H65: PRS | I65: PROG | K65: Active | L65: neg | M65: Statement | N65: None | P65: =PRODUCT(_xlfn.XLOOKUP(F65,Config!$A$2:$A$15,Config!$B$2:$B$15),_xlfn.XLOOKUP(G65,Config!$C$2:$C$7,Config!$D$2:$D$7),_xlfn.XLOOKUP(H65,Config!$E$2:$E$5,Config!$F$2:$F$5),_xlfn.XLOOKUP(I65,Config!$G$2:$G$3,Config!$H$2:$H$3),_xlfn.XLOOKUP(J65,Config!$I$2:$I$3,Config!$J$2:$J$3),_xlfn.XLOOKUP(K65,Config!$K$2:$K$3,Config!$L$2:$L$3),_xlfn.XLOOKUP(L65,Config!$M$2:$M$3,Config!$N$2:$N$3),_xlfn.XLOOKUP(M65,Config!$O$2:$O$6,Config!$P$2:$P$6)) -> 0.0006125233 | Q65: 1 | R65: =P65*Q65*Config!$B$19 -> 0.00045015343
A66: 65 | B66: {NEG_PRE} {V_INTR_PROG} {NEG_SUF}. | C66: {SUBJ_PRONOUN_EN} {BE_NEG_EN} {V_INTR_PROG_EN}. | D66: {SUBJ_PRONOUN_ES} no {V_INTR_PROG_ES}. | E66: Negated intransitive progressive (present) with pronoun subject. | F66: 1pl | G66: 2-intr | H66: PRS | I66: PROG | K66: Active | L66: neg | M66: Statement | N66: None | P66: =PRODUCT(_xlfn.XLOOKUP(F66,Config!$A$2:$A$15,Config!$B$2:$B$15),_xlfn.XLOOKUP(G66,Config!$C$2:$C$7,Config!$D$2:$D$7),_xlfn.XLOOKUP(H66,Config!$E$2:$E$5,Config!$F$2:$F$5),_xlfn.XLOOKUP(I66,Config!$G$2:$G$3,Config!$H$2:$H$3),_xlfn.XLOOKUP(J66,Config!$I$2:$I$3,Config!$J$2:$J$3),_xlfn.XLOOKUP(K66,Config!$K$2:$K$3,Config!$L$2:$L$3),_xlfn.XLOOKUP(L66,Config!$M$2:$M$3,Config!$N$2:$N$3),_xlfn.XLOOKUP(M66,Config!$O$2:$O$6,Config!$P$2:$P$6)) -> 0.00034454435 | Q66: 1 | R66: =P66*Q66*Config!$B$19 -> 0.0002532113
A67: 66 | B67: {NEG_PRE} {V_INTR_PROG} {NEG_SUF}. | C67: {SUBJ_PRONOUN_EN} {BE_NEG_EN} {V_INTR_PROG_EN}. | D67: {SUBJ_PRONOUN_ES} no {V_INTR_PROG_ES}. | E67: Negated intransitive progressive (present) with pronoun subject. | F67: 2sg | G67: 2-intr | H67: PRS | I67: PROG | K67: Active | L67: neg | M67: Statement | N67: None | P67: =PRODUCT(_xlfn.XLOOKUP(F67,Config!$A$2:$A$15,Config!$B$2:$B$15),_xlfn.XLOOKUP(G67,Config!$C$2:$C$7,Config!$D$2:$D$7),_xlfn.XLOOKUP(H67,Config!$E$2:$E$5,Config!$F$2:$F$5),_xlfn.XLOOKUP(I67,Config!$G$2:$G$3,Config!$H$2:$H$3),_xlfn.XLOOKUP(J67,Config!$I$2:$I$3,Config!$J$2:$J$3),_xlfn.XLOOKUP(K67,Config!$K$2:$K$3,Config!$L$2:$L$3),_xlfn.XLOOKUP(L67,Config!$M$2:$M$3,Config!$N$2:$N$3),_xlfn.XLOOKUP(M67,Config!$O$2:$O$6,Config!$P$2:$P$6)) -> 0.00052899739 | Q67: 1 | R67: =P67*Q67*Config!$B$19 -> 0.00038876887
A68: 67 | B68: {NEG_PRE} {V_INTR_PROG} {NEG_SUF}. | C68: {SUBJ_PRONOUN_EN} {BE_NEG_EN} {V_INTR_PROG_EN}. | D68: {SUBJ_PRONOUN_ES} no {V_INTR_PROG_ES}. | E68: Negated intransitive progressive (present) with pronoun subject. | F68: 2pl | G68: 2-intr | H68: PRS | I68: PROG | K68: Active | L68: neg | M68: Statement | N68: None | P68: =PRODUCT(_xlfn.XLOOKUP(F68,Config!$A$2:$A$15,Config!$B$2:$B$15),_xlfn.XLOOKUP(G68,Config!$C$2:$C$7,Config!$D$2:$D$7),_xlfn.XLOOKUP(H68,Config!$E$2:$E$5,Config!$F$2:$F$5),_xlfn.XLOOKUP(I68,Config!$G$2:$G$3,Config!$H$2:$H$3),_xlfn.XLOOKUP(J68,Config!$I$2:$I$3,Config!$J$2:$J$3),_xlfn.XLOOKUP(K68,Config!$K$2:$K$3,Config!$L$2:$L$3),_xlfn.XLOOKUP(L68,Config!$M$2:$M$3,Config!$N$2:$N$3),_xlfn.XLOOKUP(M68,Config!$O$2:$O$6,Config!$P$2:$P$6)) -> 0.00029756103 | Q68: 1 | R68: =P68*Q68*Config!$B$19 -> 0.00021868249
A69: 68 | B69: {NEG_PRE} {V_INTR_PROG} {NEG_SUF}. | C69: {SUBJ_PRONOUN_EN} {BE_NEG_EN} {V_INTR_PROG_EN}. | D69: {SUBJ_PRONOUN_ES} no {V_INTR_PROG_ES}. | E69: Negated intransitive progressive (present) with pronoun subject. | F69: 3sg | G69: 2-intr | H69: PRS | I69: PROG | K69: Active | L69: neg | M69: Statement | N69: None | O69: They are not eating. | P69: =PRODUCT(_xlfn.XLOOKUP(F69,Config!$A$2:$A$15,Config!$B$2:$B$15),_xlfn.XLOOKUP(G69,Config!$C$2:$C$7,Config!$D$2:$D$7),_xlfn.XLOOKUP(H69,Config!$E$2:$E$5,Config!$F$2:$F$5),_xlfn.XLOOKUP(I69,Config!$G$2:$G$3,Config!$H$2:$H$3),_xlfn.XLOOKUP(J69,Config!$I$2:$I$3,Config!$J$2:$J$3),_xlfn.XLOOKUP(K69,Config!$K$2:$K$3,Config!$L$2:$L$3),_xlfn.XLOOKUP(L69,Config!$M$2:$M$3,Config!$N$2:$N$3),_xlfn.XLOOKUP(M69,Config!$O$2:$O$6,Config!$P$2:$P$6)) -> 0.00041066903 | Q69: 1 | R69: =P69*Q69*Config!$B$19 -> 0.00030180741
A70: 69 | B70: {NEG_PRE} {V_INTR_PROG} {NEG_SUF}. | C70: {SUBJ_PRONOUN_EN} {BE_NEG_EN} {V_INTR_PROG_EN}. | D70: {SUBJ_PRONOUN_ES} no {V_INTR_PROG_ES}. | E70: Negated intransitive progressive (present) with pronoun subject. | F70: 3pl | G70: 2-intr | H70: PRS | I70: PROG | K70: Active | L70: neg | M70: Statement | N70: None | P70: =PRODUCT(_xlfn.XLOOKUP(F70,Config!$A$2:$A$15,Config!$B$2:$B$15),_xlfn.XLOOKUP(G70,Config!$C$2:$C$7,Config!$D$2:$D$7),_xlfn.XLOOKUP(H70,Config!$E$2:$E$5,Config!$F$2:$F$5),_xlfn.XLOOKUP(I70,Config!$G$2:$G$3,Config!$H$2:$H$3),_xlfn.XLOOKUP(J70,Config!$I$2:$I$3,Config!$J$2:$J$3),_xlfn.XLOOKUP(K70,Config!$K$2:$K$3,Config!$L$2:$L$3),_xlfn.XLOOKUP(L70,Config!$M$2:$M$3,Config!$N$2:$N$3),_xlfn.XLOOKUP(M70,Config!$O$2:$O$6,Config!$P$2:$P$6)) -> 0.00015400089 | Q70: 1 | R70: =P70*Q70*Config!$B$19 -> 0.00011317778
A71: 70 | B71: {V_INTR_FUT} {ADV}. | C71: {SUBJ_PRONOUN_EN} {WILL_EN} {V_INTR_BASE_EN} {ADV_EN}. | D71: {SUBJ_PRONOUN_ES} {V_INTR_FUT_ES} {ADV_ES}. | E71: Intransitive future with pronoun and adverb. | F71: 1sg | G71: 2-intr | H71: FUT | I71: Simple | K71: Active | L71: aff | M71: Statement | N71: Has adverb | P71: =PRODUCT(_xlfn.XLOOKUP(F71,Config!$A$2:$A$15,Config!$B$2:$B$15),_xlfn.XLOOKUP(G71,Config!$C$2:$C$7,Config!$D$2:$D$7),_xlfn.XLOOKUP(H71,Config!$E$2:$E$5,Config!$F$2:$F$5),_xlfn.XLOOKUP(I71,Config!$G$2:$G$3,Config!$H$2:$H$3),_xlfn.XLOOKUP(J71,Config!$I$2:$I$3,Config!$J$2:$J$3),_xlfn.XLOOKUP(K71,Config!$K$2:$K$3,Config!$L$2:$L$3),_xlfn.XLOOKUP(L71,Config!$M$2:$M$3,Config!$N$2:$N$3),_xlfn.XLOOKUP(M71,Config!$O$2:$O$6,Config!$P$2:$P$6)) -> 0.0029450615 | Q71: 1 | R71: =P71*Q71*Config!$B$19 -> 0.002164374
A72: 71 | B72: {V_INTR_FUT}. | C72: {SUBJ_PRONOUN_EN} {WILL_EN} {V_INTR_BASE_EN}. | D72: {SUBJ_PRONOUN_ES} {V_INTR_FUT_ES}. | E72: Future tense with pronoun subject | F72: 1sg | G72: 2-intr | H72: FUT | I72: Simple | K72: Active | L72: aff | M72: Statement | N72: None | P72: =PRODUCT(_xlfn.XLOOKUP(F72,Config!$A$2:$A$15,Config!$B$2:$B$15),_xlfn.XLOOKUP(G72,Config!$C$2:$C$7,Config!$D$2:$D$7),_xlfn.XLOOKUP(H72,Config!$E$2:$E$5,Config!$F$2:$F$5),_xlfn.XLOOKUP(I72,Config!$G$2:$G$3,Config!$H$2:$H$3),_xlfn.XLOOKUP(J72,Config!$I$2:$I$3,Config!$J$2:$J$3),_xlfn.XLOOKUP(K72,Config!$K$2:$K$3,Config!$L$2:$L$3),_xlfn.XLOOKUP(L72,Config!$M$2:$M$3,Config!$N$2:$N$3),_xlfn.XLOOKUP(M72,Config!$O$2:$O$6,Config!$P$2:$P$6)) -> 0.0029450615 | Q72: 1 | R72: =P72*Q72*Config!$B$19 -> 0.002164374
A73: 72 | B73: {V_INTR_FUT} {ADV}. | C73: {SUBJ_PRONOUN_EN} {WILL_EN} {V_INTR_BASE_EN} {ADV_EN}. | D73: {SUBJ_PRONOUN_ES} {V_INTR_FUT_ES} {ADV_ES}. | E73: Intransitive future with pronoun and adverb. | F73: 1pl | G73: 2-intr | H73: FUT | I73: Simple | K73: Active | L73: aff | M73: Statement | N73: Has adverb | P73: =PRODUCT(_xlfn.XLOOKUP(F73,Config!$A$2:$A$15,Config!$B$2:$B$15),_xlfn.XLOOKUP(G73,Config!$C$2:$C$7,Config!$D$2:$D$7),_xlfn.XLOOKUP(H73,Config!$E$2:$E$5,Config!$F$2:$F$5),_xlfn.XLOOKUP(I73,Config!$G$2:$G$3,Config!$H$2:$H$3),_xlfn.XLOOKUP(J73,Config!$I$2:$I$3,Config!$J$2:$J$3),_xlfn.XLOOKUP(K73,Config!$K$2:$K$3,Config!$L$2:$L$3),_xlfn.XLOOKUP(L73,Config!$M$2:$M$3,Config!$N$2:$N$3),_xlfn.XLOOKUP(M73,Config!$O$2:$O$6,Config!$P$2:$P$6)) -> 0.0016565971 | Q73: 1 | R73: =P73*Q73*Config!$B$19 -> 0.0012174604
A74: 73 | B74: {V_INTR_FUT}. | C74: {SUBJ_PRONOUN_EN} {WILL_EN} {V_INTR_BASE_EN}. | D74: {SUBJ_PRONOUN_ES} {V_INTR_FUT_ES}. | E74: Future tense with pronoun subject | F74: 1pl | G74: 2-intr | H74: FUT | I74: Simple | K74: Active | L74: aff | M74: Statement | N74: None | P74: =PRODUCT(_xlfn.XLOOKUP(F74,Config!$A$2:$A$15,Config!$B$2:$B$15),_xlfn.XLOOKUP(G74,Config!$C$2:$C$7,Config!$D$2:$D$7),_xlfn.XLOOKUP(H74,Config!$E$2:$E$5,Config!$F$2:$F$5),_xlfn.XLOOKUP(I74,Config!$G$2:$G$3,Config!$H$2:$H$3),_xlfn.XLOOKUP(J74,Config!$I$2:$I$3,Config!$J$2:$J$3),_xlfn.XLOOKUP(K74,Config!$K$2:$K$3,Config!$L$2:$L$3),_xlfn.XLOOKUP(L74,Config!$M$2:$M$3,Config!$N$2:$N$3),_xlfn.XLOOKUP(M74,Config!$O$2:$O$6,Config!$P$2:$P$6)) -> 0.0016565971 | Q74: 1 | R74: =P74*Q74*Config!$B$19 -> 0.0012174604
A75: 74 | B75: {V_INTR_FUT} {ADV}. | C75: {SUBJ_PRONOUN_EN} {WILL_EN} {V_INTR_BASE_EN} {ADV_EN}. | D75: {SUBJ_PRONOUN_ES} {V_INTR_FUT_ES} {ADV_ES}. | E75: Intransitive future with pronoun and adverb. | F75: 2sg | G75: 2-intr | H75: FUT | I75: Simple | K75: Active | L75: aff | M75: Statement | N75: Has adverb | P75: =PRODUCT(_xlfn.XLOOKUP(F75,Config!$A$2:$A$15,Config!$B$2:$B$15),_xlfn.XLOOKUP(G75,Config!$C$2:$C$7,Config!$D$2:$D$7),_xlfn.XLOOKUP(H75,Config!$E$2:$E$5,Config!$F$2:$F$5),_xlfn.XLOOKUP(I75,Config!$G$2:$G$3,Config!$H$2:$H$3),_xlfn.XLOOKUP(J75,Config!$I$2:$I$3,Config!$J$2:$J$3),_xlfn.XLOOKUP(K75,Config!$K$2:$K$3,Config!$L$2:$L$3),_xlfn.XLOOKUP(L75,Config!$M$2:$M$3,Config!$N$2:$N$3),_xlfn.XLOOKUP(M75,Config!$O$2:$O$6,Config!$P$2:$P$6)) -> 0.0025434622 | Q75: 1 | R75: =P75*Q75*Config!$B$19 -> 0.0018692321
A76: 75 | B76: {V_INTR_FUT}. | C76: {SUBJ_PRONOUN_EN} {WILL_EN} {V_INTR_BASE_EN}. | D76: {SUBJ_PRONOUN_ES} {V_INTR_FUT_ES}. | E76: Future tense with pronoun subject | F76: 2sg | G76: 2-intr | H76: FUT | I76: Simple | K76: Active | L76: aff | M76: Statement | N76: None | P76: =PRODUCT(_xlfn.XLOOKUP(F76,Config!$A$2:$A$15,Config!$B$2:$B$15),_xlfn.XLOOKUP(G76,Config!$C$2:$C$7,Config!$D$2:$D$7),_xlfn.XLOOKUP(H76,Config!$E$2:$E$5,Config!$F$2:$F$5),_xlfn.XLOOKUP(I76,Config!$G$2:$G$3,Config!$H$2:$H$3),_xlfn.XLOOKUP(J76,Config!$I$2:$I$3,Config!$J$2:$J$3),_xlfn.XLOOKUP(K76,Config!$K$2:$K$3,Config!$L$2:$L$3),_xlfn.XLOOKUP(L76,Config!$M$2:$M$3,Config!$N$2:$N$3),_xlfn.XLOOKUP(M76,Config!$O$2:$O$6,Config!$P$2:$P$6)) -> 0.0025434622 | Q76: 1 | R76: =P76*Q76*Config!$B$19 -> 0.0018692321
A77: 76 | B77: {V_INTR_FUT} {ADV}. | C77: {SUBJ_PRONOUN_EN} {WILL_EN} {V_INTR_BASE_EN} {ADV_EN}. | D77: {SUBJ_PRONOUN_ES} {V_INTR_FUT_ES} {ADV_ES}. | E77: Intransitive future with pronoun and adverb. | F77: 2pl | G77: 2-intr | H77: FUT | I77: Simple | K77: Active | L77: aff | M77: Statement | N77: Has adverb | P77: =PRODUCT(_xlfn.XLOOKUP(F77,Config!$A$2:$A$15,Config!$B$2:$B$15),_xlfn.XLOOKUP(G77,Config!$C$2:$C$7,Config!$D$2:$D$7),_xlfn.XLOOKUP(H77,Config!$E$2:$E$5,Config!$F$2:$F$5),_xlfn.XLOOKUP(I77,Config!$G$2:$G$3,Config!$H$2:$H$3),_xlfn.XLOOKUP(J77,Config!$I$2:$I$3,Config!$J$2:$J$3),_xlfn.XLOOKUP(K77,Config!$K$2:$K$3,Config!$L$2:$L$3),_xlfn.XLOOKUP(L77,Config!$M$2:$M$3,Config!$N$2:$N$3),_xlfn.XLOOKUP(M77,Config!$O$2:$O$6,Config!$P$2:$P$6)) -> 0.0014306975 | Q77: 1 | R77: =P77*Q77*Config!$B$19 -> 0.0010514431
A78: 77 | B78: {V_INTR_FUT}. | C78: {SUBJ_PRONOUN_EN} {WILL_EN} {V_INTR_BASE_EN}. | D78: {SUBJ_PRONOUN_ES} {V_INTR_FUT_ES}. | E78: Future tense with pronoun subject | F78: 2pl | G78: 2-intr | H78: FUT | I78: Simple | K78: Active | L78: aff | M78: Statement | N78: None | O78: You will run. | P78: =PRODUCT(_xlfn.XLOOKUP(F78,Config!$A$2:$A$15,Config!$B$2:$B$15),_xlfn.XLOOKUP(G78,Config!$C$2:$C$7,Config!$D$2:$D$7),_xlfn.XLOOKUP(H78,Config!$E$2:$E$5,Config!$F$2:$F$5),_xlfn.XLOOKUP(I78,Config!$G$2:$G$3,Config!$H$2:$H$3),_xlfn.XLOOKUP(J78,Config!$I$2:$I$3,Config!$J$2:$J$3),_xlfn.XLOOKUP(K78,Config!$K$2:$K$3,Config!$L$2:$L$3),_xlfn.XLOOKUP(L78,Config!$M$2:$M$3,Config!$N$2:$N$3),_xlfn.XLOOKUP(M78,Config!$O$2:$O$6,Config!$P$2:$P$6)) -> 0.0014306975 | Q78: 1 | R78: =P78*Q78*Config!$B$19 -> 0.0010514431
A79: 78 | B79: {V_INTR_FUT} {ADV}. | C79: {SUBJ_PRONOUN_EN} {WILL_EN} {V_INTR_BASE_EN} {ADV_EN}. | D79: {V_INTR_FUT_ES} {ADV_ES}. | E79: Intransitive future with pronoun and adverb. | F79: 3sg | G79: 2-intr | H79: FUT | I79: Simple | K79: Active | L79: aff | M79: Statement | N79: Has adverb | O79: He will go tomorrow. | P79: =PRODUCT(_xlfn.XLOOKUP(F79,Config!$A$2:$A$15,Config!$B$2:$B$15),_xlfn.XLOOKUP(G79,Config!$C$2:$C$7,Config!$D$2:$D$7),_xlfn.XLOOKUP(H79,Config!$E$2:$E$5,Config!$F$2:$F$5),_xlfn.XLOOKUP(I79,Config!$G$2:$G$3,Config!$H$2:$H$3),_xlfn.XLOOKUP(J79,Config!$I$2:$I$3,Config!$J$2:$J$3),_xlfn.XLOOKUP(K79,Config!$K$2:$K$3,Config!$L$2:$L$3),_xlfn.XLOOKUP(L79,Config!$M$2:$M$3,Config!$N$2:$N$3),_xlfn.XLOOKUP(M79,Config!$O$2:$O$6,Config!$P$2:$P$6)) -> 0.0019745299 | Q79: 1 | R79: =P79*Q79*Config!$B$19 -> 0.0014511144 | S79: Adverbs don't seem common - maybe drop?
A80: 79 | B80: {V_INTR_FUT} {ADV}. | C80: {SUBJ_PRONOUN_EN} {WILL_EN} {V_INTR_BASE_EN} {ADV_EN}. | D80: {SUBJ_PRONOUN_ES} {V_INTR_FUT_ES} {ADV_ES}. | E80: Intransitive future with pronoun and adverb. | F80: 3sg | G80: 2-intr | H80: FUT | I80: Simple | K80: Active | L80: aff | M80: Statement | N80: Has adverb | O80: He will go tomorrow. | P80: =PRODUCT(_xlfn.XLOOKUP(F80,Config!$A$2:$A$15,Config!$B$2:$B$15),_xlfn.XLOOKUP(G80,Config!$C$2:$C$7,Config!$D$2:$D$7),_xlfn.XLOOKUP(H80,Config!$E$2:$E$5,Config!$F$2:$F$5),_xlfn.XLOOKUP(I80,Config!$G$2:$G$3,Config!$H$2:$H$3),_xlfn.XLOOKUP(J80,Config!$I$2:$I$3,Config!$J$2:$J$3),_xlfn.XLOOKUP(K80,Config!$K$2:$K$3,Config!$L$2:$L$3),_xlfn.XLOOKUP(L80,Config!$M$2:$M$3,Config!$N$2:$N$3),_xlfn.XLOOKUP(M80,Config!$O$2:$O$6,Config!$P$2:$P$6)) -> 0.0019745299 | Q80: 1 | R80: =P80*Q80*Config!$B$19 -> 0.0014511144
A81: 80 | B81: {V_INTR_FUT}. | C81: {SUBJ_PRONOUN_EN} {WILL_EN} {V_INTR_BASE_EN}. | D81: {V_INTR_FUT_ES}. | E81: Future tense with pronoun subject (not showing in Spanish) | F81: 3sg | G81: 2-intr | H81: FUT | I81: Simple | K81: Active | L81: aff | M81: Statement | N81: ES: Headless | O81: He will run. | P81: =PRODUCT(_xlfn.XLOOKUP(F81,Config!$A$2:$A$15,Config!$B$2:$B$15),_xlfn.XLOOKUP(G81,Config!$C$2:$C$7,Config!$D$2:$D$7),_xlfn.XLOOKUP(H81,Config!$E$2:$E$5,Config!$F$2:$F$5),_xlfn.XLOOKUP(I81,Config!$G$2:$G$3,Config!$H$2:$H$3),_xlfn.XLOOKUP(J81,Config!$I$2:$I$3,Config!$J$2:$J$3),_xlfn.XLOOKUP(K81,Config!$K$2:$K$3,Config!$L$2:$L$3),_xlfn.XLOOKUP(L81,Config!$M$2:$M$3,Config!$N$2:$N$3),_xlfn.XLOOKUP(M81,Config!$O$2:$O$6,Config!$P$2:$P$6)) -> 0.0019745299 | Q81: 1 | R81: =P81*Q81*Config!$B$19 -> 0.0014511144
A82: 81 | B82: {V_INTR_FUT}. | C82: {SUBJ_PRONOUN_EN} {WILL_EN} {V_INTR_BASE_EN}. | D82: {SUBJ_PRONOUN_ES} {V_INTR_FUT_ES}. | E82: Future tense with pronoun subject | F82: 3sg | G82: 2-intr | H82: FUT | I82: Simple | K82: Active | L82: aff | M82: Statement | N82: None | O82: He will run. | P82: =PRODUCT(_xlfn.XLOOKUP(F82,Config!$A$2:$A$15,Config!$B$2:$B$15),_xlfn.XLOOKUP(G82,Config!$C$2:$C$7,Config!$D$2:$D$7),_xlfn.XLOOKUP(H82,Config!$E$2:$E$5,Config!$F$2:$F$5),_xlfn.XLOOKUP(I82,Config!$G$2:$G$3,Config!$H$2:$H$3),_xlfn.XLOOKUP(J82,Config!$I$2:$I$3,Config!$J$2:$J$3),_xlfn.XLOOKUP(K82,Config!$K$2:$K$3,Config!$L$2:$L$3),_xlfn.XLOOKUP(L82,Config!$M$2:$M$3,Config!$N$2:$N$3),_xlfn.XLOOKUP(M82,Config!$O$2:$O$6,Config!$P$2:$P$6)) -> 0.0019745299 | Q82: 1 | R82: =P82*Q82*Config!$B$19 -> 0.0014511144
A83: 82 | B83: {V_INTR_FUT} {ADV} {NP}. | C83: {NP_EN} {WILL_EN} {V_INTR_BASE_EN} {ADV_EN}. | D83: {NP_ES} {V_INTR_FUT_ES} {ADV_ES}. | E83: Intransitive future with adverb. | F83: 3sg - Noun | G83: 2-intr | H83: FUT | I83: Simple | K83: Active | L83: aff | M83: Statement | N83: Has adverb | O83: The child will run quickly. | P83: =PRODUCT(_xlfn.XLOOKUP(F83,Config!$A$2:$A$15,Config!$B$2:$B$15),_xlfn.XLOOKUP(G83,Config!$C$2:$C$7,Config!$D$2:$D$7),_xlfn.XLOOKUP(H83,Config!$E$2:$E$5,Config!$F$2:$F$5),_xlfn.XLOOKUP(I83,Config!$G$2:$G$3,Config!$H$2:$H$3),_xlfn.XLOOKUP(J83,Config!$I$2:$I$3,Config!$J$2:$J$3),_xlfn.XLOOKUP(K83,Config!$K$2:$K$3,Config!$L$2:$L$3),_xlfn.XLOOKUP(L83,Config!$M$2:$M$3,Config!$N$2:$N$3),_xlfn.XLOOKUP(M83,Config!$O$2:$O$6,Config!$P$2:$P$6)) -> 0.0019745299 | Q83: 1 | R83: =P83*Q83*Config!$B$19 -> 0.0014511144
A84: 83 | B84: {V_INTR_FUT} {NP}. | C84: {NP_EN} {WILL_EN} {V_INTR_BASE_EN}. | D84: {NP_ES} {V_INTR_FUT_ES}. | E84: Intransitive future tense | F84: 3sg - Noun | G84: 2-intr | H84: FUT | I84: Simple | K84: Active | L84: aff | M84: Statement | N84: None | O84: The man will walk | P84: =PRODUCT(_xlfn.XLOOKUP(F84,Config!$A$2:$A$15,Config!$B$2:$B$15),_xlfn.XLOOKUP(G84,Config!$C$2:$C$7,Config!$D$2:$D$7),_xlfn.XLOOKUP(H84,Config!$E$2:$E$5,Config!$F$2:$F$5),_xlfn.XLOOKUP(I84,Config!$G$2:$G$3,Config!$H$2:$H$3),_xlfn.XLOOKUP(J84,Config!$I$2:$I$3,Config!$J$2:$J$3),_xlfn.XLOOKUP(K84,Config!$K$2:$K$3,Config!$L$2:$L$3),_xlfn.XLOOKUP(L84,Config!$M$2:$M$3,Config!$N$2:$N$3),_xlfn.XLOOKUP(M84,Config!$O$2:$O$6,Config!$P$2:$P$6)) -> 0.0019745299 | Q84: 1 | R84: =P84*Q84*Config!$B$19 -> 0.0014511144
A85: 84 | B85: {V_INTR_FUT} {ADV}. | C85: {SUBJ_PRONOUN_EN} {WILL_EN} {V_INTR_BASE_EN} {ADV_EN}. | D85: {SUBJ_PRONOUN_ES} {V_INTR_FUT_ES} {ADV_ES}. | E85: Intransitive future with pronoun and adverb. | F85: 3pl | G85: 2-intr | H85: FUT | I85: Simple | K85: Active | L85: aff | M85: Statement | N85: Has adverb | P85: =PRODUCT(_xlfn.XLOOKUP(F85,Config!$A$2:$A$15,Config!$B$2:$B$15),_xlfn.XLOOKUP(G85,Config!$C$2:$C$7,Config!$D$2:$D$7),_xlfn.XLOOKUP(H85,Config!$E$2:$E$5,Config!$F$2:$F$5),_xlfn.XLOOKUP(I85,Config!$G$2:$G$3,Config!$H$2:$H$3),_xlfn.XLOOKUP(J85,Config!$I$2:$I$3,Config!$J$2:$J$3),_xlfn.XLOOKUP(K85,Config!$K$2:$K$3,Config!$L$2:$L$3),_xlfn.XLOOKUP(L85,Config!$M$2:$M$3,Config!$N$2:$N$3),_xlfn.XLOOKUP(M85,Config!$O$2:$O$6,Config!$P$2:$P$6)) -> 0.0007404487 | Q85: 1 | R85: =P85*Q85*Config!$B$19 -> 0.00054416791
A86: 85 | B86: {V_INTR_FUT}. | C86: {SUBJ_PRONOUN_EN} {WILL_EN} {V_INTR_BASE_EN}. | D86: {SUBJ_PRONOUN_ES} {V_INTR_FUT_ES}. | E86: Future tense with pronoun subject | F86: 3pl | G86: 2-intr | H86: FUT | I86: Simple | K86: Active | L86: aff | M86: Statement | N86: None | P86: =PRODUCT(_xlfn.XLOOKUP(F86,Config!$A$2:$A$15,Config!$B$2:$B$15),_xlfn.XLOOKUP(G86,Config!$C$2:$C$7,Config!$D$2:$D$7),_xlfn.XLOOKUP(H86,Config!$E$2:$E$5,Config!$F$2:$F$5),_xlfn.XLOOKUP(I86,Config!$G$2:$G$3,Config!$H$2:$H$3),_xlfn.XLOOKUP(J86,Config!$I$2:$I$3,Config!$J$2:$J$3),_xlfn.XLOOKUP(K86,Config!$K$2:$K$3,Config!$L$2:$L$3),_xlfn.XLOOKUP(L86,Config!$M$2:$M$3,Config!$N$2:$N$3),_xlfn.XLOOKUP(M86,Config!$O$2:$O$6,Config!$P$2:$P$6)) -> 0.0007404487 | Q86: 1 | R86: =P86*Q86*Config!$B$19 -> 0.00054416791
A87: 86 | B87: {V_INTR_FUT_KEK} {NUM_NP}. | C87: {NUM_NP_EN} {WILL_EN} {V_INTR_BASE_EN}. | D87: {NUM_NP_ES} {V_INTR_FUT_ES}. | E87: Future tense with numeric NP. | F87: 3pl - Noun indef with numeral | G87: 2-intr | H87: FUT | I87: Simple | K87: Active | L87: aff | M87: Statement | N87: None | O87: Three girls will arrive. | P87: =PRODUCT(_xlfn.XLOOKUP(F87,Config!$A$2:$A$15,Config!$B$2:$B$15),_xlfn.XLOOKUP(G87,Config!$C$2:$C$7,Config!$D$2:$D$7),_xlfn.XLOOKUP(H87,Config!$E$2:$E$5,Config!$F$2:$F$5),_xlfn.XLOOKUP(I87,Config!$G$2:$G$3,Config!$H$2:$H$3),_xlfn.XLOOKUP(J87,Config!$I$2:$I$3,Config!$J$2:$J$3),_xlfn.XLOOKUP(K87,Config!$K$2:$K$3,Config!$L$2:$L$3),_xlfn.XLOOKUP(L87,Config!$M$2:$M$3,Config!$N$2:$N$3),_xlfn.XLOOKUP(M87,Config!$O$2:$O$6,Config!$P$2:$P$6)) -> 0.0007404487 | Q87: 1 | R87: =P87*Q87*Config!$B$19 -> 0.00054416791
A88: 87 | B88: {V_INTR_FUT} {POSS_NP}. | C88: {POSS_NP_EN} {WILL_EN} {V_INTR_BASE_EN}. | D88: {POSS_NP_ES} {V_INTR_FUT_ES}. | E88: Intransive in the future with possessed subject | F88: 3sg - Possesed noun | G88: 2-intr | H88: FUT | I88: Simple | K88: Active | L88: aff | M88: Statement | N88: None | O88: My wife will sleep. | P88: =PRODUCT(_xlfn.XLOOKUP(F88,Config!$A$2:$A$15,Config!$B$2:$B$15),_xlfn.XLOOKUP(G88,Config!$C$2:$C$7,Config!$D$2:$D$7),_xlfn.XLOOKUP(H88,Config!$E$2:$E$5,Config!$F$2:$F$5),_xlfn.XLOOKUP(I88,Config!$G$2:$G$3,Config!$H$2:$H$3),_xlfn.XLOOKUP(J88,Config!$I$2:$I$3,Config!$J$2:$J$3),_xlfn.XLOOKUP(K88,Config!$K$2:$K$3,Config!$L$2:$L$3),_xlfn.XLOOKUP(L88,Config!$M$2:$M$3,Config!$N$2:$N$3),_xlfn.XLOOKUP(M88,Config!$O$2:$O$6,Config!$P$2:$P$6)) -> 0.0019745299 | Q88: 1 | R88: =P88*Q88*Config!$B$19 -> 0.0014511144
A89: 88 | B89: {WH_TIME} {V_INTR_FUT} {ADV} {NP}? | C89: {WH_TIME_EN} {WILL_EN} {NP_EN} {V_INTR_BASE_EN} {ADV_EN}? | D89: ¿{WH_TIME_ES} {NP_ES} {V_INTR_FUT_ES} {ADV_ES}? | F89: 3sg - Noun | G89: 2-intr | H89: FUT | I89: Simple | K89: Active | L89: aff | M89: When question | N89: Has adverb | O89: When will the children arrive tomorrow? | P89: =PRODUCT(_xlfn.XLOOKUP(F89,Config!$A$2:$A$15,Config!$B$2:$B$15),_xlfn.XLOOKUP(G89,Config!$C$2:$C$7,Config!$D$2:$D$7),_xlfn.XLOOKUP(H89,Config!$E$2:$E$5,Config!$F$2:$F$5),_xlfn.XLOOKUP(I89,Config!$G$2:$G$3,Config!$H$2:$H$3),_xlfn.XLOOKUP(J89,Config!$I$2:$I$3,Config!$J$2:$J$3),_xlfn.XLOOKUP(K89,Config!$K$2:$K$3,Config!$L$2:$L$3),_xlfn.XLOOKUP(L89,Config!$M$2:$M$3,Config!$N$2:$N$3),_xlfn.XLOOKUP(M89,Config!$O$2:$O$6,Config!$P$2:$P$6)) -> 0.00016454416 | Q89: 1 | R89: =P89*Q89*Config!$B$19 -> 0.0001209262
A90: 89 | B90: {WH_LOC} {V_INTR_FUT} {NP}? | C90: {WH_LOC_EN} {WILL_EN} {NP_EN} {V_INTR_BASE_EN}? | D90: ¿{WH_LOC_ES} {V_INTR_FUT_ES} {NP_ES}? | F90: 3sg - Noun | G90: 2-intr | H90: FUT | I90: Simple | K90: Active | L90: aff | M90: Where question | N90: None | O90: Where will the man eat? | P90: =PRODUCT(_xlfn.XLOOKUP(F90,Config!$A$2:$A$15,Config!$B$2:$B$15),_xlfn.XLOOKUP(G90,Config!$C$2:$C$7,Config!$D$2:$D$7),_xlfn.XLOOKUP(H90,Config!$E$2:$E$5,Config!$F$2:$F$5),_xlfn.XLOOKUP(I90,Config!$G$2:$G$3,Config!$H$2:$H$3),_xlfn.XLOOKUP(J90,Config!$I$2:$I$3,Config!$J$2:$J$3),_xlfn.XLOOKUP(K90,Config!$K$2:$K$3,Config!$L$2:$L$3),_xlfn.XLOOKUP(L90,Config!$M$2:$M$3,Config!$N$2:$N$3),_xlfn.XLOOKUP(M90,Config!$O$2:$O$6,Config!$P$2:$P$6)) -> 0.00016454416 | Q90: 1 | R90: =P90*Q90*Config!$B$19 -> 0.0001209262
A91: 90 | B91: {YN_Q_MARKER} {V_INTR_FUT} {ADV} ? | C91: {WILL_EN} {SUBJ_PRONOUN_EN} {V_INTR_BASE_EN} {ADV_EN}? | D91: ¿{SUBJ_PRONOUN_ES} {V_INTR_FUT_ES} {ADV_ES}? | E91: Intransitive future yes/no question with pronoun subject and adverb | F91: 1sg | G91: 2-intr | H91: FUT | I91: Simple | K91: Active | L91: aff | M91: Yes/no question | N91: Has adverb | P91: =PRODUCT(_xlfn.XLOOKUP(F91,Config!$A$2:$A$15,Config!$B$2:$B$15),_xlfn.XLOOKUP(G91,Config!$C$2:$C$7,Config!$D$2:$D$7),_xlfn.XLOOKUP(H91,Config!$E$2:$E$5,Config!$F$2:$F$5),_xlfn.XLOOKUP(I91,Config!$G$2:$G$3,Config!$H$2:$H$3),_xlfn.XLOOKUP(J91,Config!$I$2:$I$3,Config!$J$2:$J$3),_xlfn.XLOOKUP(K91,Config!$K$2:$K$3,Config!$L$2:$L$3),_xlfn.XLOOKUP(L91,Config!$M$2:$M$3,Config!$N$2:$N$3),_xlfn.XLOOKUP(M91,Config!$O$2:$O$6,Config!$P$2:$P$6)) -> 0.00073626538 | Q91: 1 | R91: =P91*Q91*Config!$B$19 -> 0.00054109351
A92: 91 | B92: {YN_Q_MARKER} {V_INTR_FUT}? | C92: {WILL_EN} {SUBJ_PRONOUN_EN} {V_INTR_BASE_EN}? | D92: ¿{SUBJ_PRONOUN_ES} {V_INTR_FUT_ES}? | E92: Intransitive future yes/no question with pronoun subject. | F92: 1sg | G92: 2-intr | H92: FUT | I92: Simple | K92: Active | L92: aff | M92: Yes/no question | N92: None | P92: =PRODUCT(_xlfn.XLOOKUP(F92,Config!$A$2:$A$15,Config!$B$2:$B$15),_xlfn.XLOOKUP(G92,Config!$C$2:$C$7,Config!$D$2:$D$7),_xlfn.XLOOKUP(H92,Config!$E$2:$E$5,Config!$F$2:$F$5),_xlfn.XLOOKUP(I92,Config!$G$2:$G$3,Config!$H$2:$H$3),_xlfn.XLOOKUP(J92,Config!$I$2:$I$3,Config!$J$2:$J$3),_xlfn.XLOOKUP(K92,Config!$K$2:$K$3,Config!$L$2:$L$3),_xlfn.XLOOKUP(L92,Config!$M$2:$M$3,Config!$N$2:$N$3),_xlfn.XLOOKUP(M92,Config!$O$2:$O$6,Config!$P$2:$P$6)) -> 0.00073626538 | Q92: 1 | R92: =P92*Q92*Config!$B$19 -> 0.00054109351
A93: 92 | B93: {YN_Q_MARKER} {V_INTR_FUT} {ADV} ? | C93: {WILL_EN} {SUBJ_PRONOUN_EN} {V_INTR_BASE_EN} {ADV_EN}? | D93: ¿{SUBJ_PRONOUN_ES} {V_INTR_FUT_ES} {ADV_ES}? | E93: Intransitive future yes/no question with pronoun subject and adverb | F93: 1pl | G93: 2-intr | H93: FUT | I93: Simple | K93: Active | L93: aff | M93: Yes/no question | N93: Has adverb | P93: =PRODUCT(_xlfn.XLOOKUP(F93,Config!$A$2:$A$15,Config!$B$2:$B$15),_xlfn.XLOOKUP(G93,Config!$C$2:$C$7,Config!$D$2:$D$7),_xlfn.XLOOKUP(H93,Config!$E$2:$E$5,Config!$F$2:$F$5),_xlfn.XLOOKUP(I93,Config!$G$2:$G$3,Config!$H$2:$H$3),_xlfn.XLOOKUP(J93,Config!$I$2:$I$3,Config!$J$2:$J$3),_xlfn.XLOOKUP(K93,Config!$K$2:$K$3,Config!$L$2:$L$3),_xlfn.XLOOKUP(L93,Config!$M$2:$M$3,Config!$N$2:$N$3),_xlfn.XLOOKUP(M93,Config!$O$2:$O$6,Config!$P$2:$P$6)) -> 0.00041414927 | Q93: 1 | R93: =P93*Q93*Config!$B$19 -> 0.0003043651
A94: 93 | B94: {YN_Q_MARKER} {V_INTR_FUT}? | C94: {WILL_EN} {SUBJ_PRONOUN_EN} {V_INTR_BASE_EN}? | D94: ¿{SUBJ_PRONOUN_ES} {V_INTR_FUT_ES}? | E94: Intransitive future yes/no question with pronoun subject. | F94: 1pl | G94: 2-intr | H94: FUT | I94: Simple | K94: Active | L94: aff | M94: Yes/no question | N94: None | P94: =PRODUCT(_xlfn.XLOOKUP(F94,Config!$A$2:$A$15,Config!$B$2:$B$15),_xlfn.XLOOKUP(G94,Config!$C$2:$C$7,Config!$D$2:$D$7),_xlfn.XLOOKUP(H94,Config!$E$2:$E$5,Config!$F$2:$F$5),_xlfn.XLOOKUP(I94,Config!$G$2:$G$3,Config!$H$2:$H$3),_xlfn.XLOOKUP(J94,Config!$I$2:$I$3,Config!$J$2:$J$3),_xlfn.XLOOKUP(K94,Config!$K$2:$K$3,Config!$L$2:$L$3),_xlfn.XLOOKUP(L94,Config!$M$2:$M$3,Config!$N$2:$N$3),_xlfn.XLOOKUP(M94,Config!$O$2:$O$6,Config!$P$2:$P$6)) -> 0.00041414927 | Q94: 1 | R94: =P94*Q94*Config!$B$19 -> 0.0003043651
A95: 94 | B95: {YN_Q_MARKER} {V_INTR_FUT} {ADV} ? | C95: {WILL_EN} {SUBJ_PRONOUN_EN} {V_INTR_BASE_EN} {ADV_EN}? | D95: ¿{SUBJ_PRONOUN_ES} {V_INTR_FUT_ES} {ADV_ES}? | E95: Intransitive future yes/no question with pronoun subject and adverb | F95: 2sg | G95: 2-intr | H95: FUT | I95: Simple | K95: Active | L95: aff | M95: Yes/no question | N95: Has adverb | P95: =PRODUCT(_xlfn.XLOOKUP(F95,Config!$A$2:$A$15,Config!$B$2:$B$15),_xlfn.XLOOKUP(G95,Config!$C$2:$C$7,Config!$D$2:$D$7),_xlfn.XLOOKUP(H95,Config!$E$2:$E$5,Config!$F$2:$F$5),_xlfn.XLOOKUP(I95,Config!$G$2:$G$3,Config!$H$2:$H$3),_xlfn.XLOOKUP(J95,Config!$I$2:$I$3,Config!$J$2:$J$3),_xlfn.XLOOKUP(K95,Config!$K$2:$K$3,Config!$L$2:$L$3),_xlfn.XLOOKUP(L95,Config!$M$2:$M$3,Config!$N$2:$N$3),_xlfn.XLOOKUP(M95,Config!$O$2:$O$6,Config!$P$2:$P$6)) -> 0.00063586555 | Q95: 1 | R95: =P95*Q95*Config!$B$19 -> 0.00046730803
A96: 95 | B96: {YN_Q_MARKER} {V_INTR_FUT}? | C96: {WILL_EN} {SUBJ_PRONOUN_EN} {V_INTR_BASE_EN}? | D96: ¿{SUBJ_PRONOUN_ES} {V_INTR_FUT_ES}? | E96: Intransitive future yes/no question with pronoun subject. | F96: 2sg | G96: 2-intr | H96: FUT | I96: Simple | K96: Active | L96: aff | M96: Yes/no question | N96: None | P96: =PRODUCT(_xlfn.XLOOKUP(F96,Config!$A$2:$A$15,Config!$B$2:$B$15),_xlfn.XLOOKUP(G96,Config!$C$2:$C$7,Config!$D$2:$D$7),_xlfn.XLOOKUP(H96,Config!$E$2:$E$5,Config!$F$2:$F$5),_xlfn.XLOOKUP(I96,Config!$G$2:$G$3,Config!$H$2:$H$3),_xlfn.XLOOKUP(J96,Config!$I$2:$I$3,Config!$J$2:$J$3),_xlfn.XLOOKUP(K96,Config!$K$2:$K$3,Config!$L$2:$L$3),_xlfn.XLOOKUP(L96,Config!$M$2:$M$3,Config!$N$2:$N$3),_xlfn.XLOOKUP(M96,Config!$O$2:$O$6,Config!$P$2:$P$6)) -> 0.00063586555 | Q96: 1 | R96: =P96*Q96*Config!$B$19 -> 0.00046730803
A97: 96 | B97: {YN_Q_MARKER} {V_INTR_FUT} {ADV} ? | C97: {WILL_EN} {SUBJ_PRONOUN_EN} {V_INTR_BASE_EN} {ADV_EN}? | D97: ¿{SUBJ_PRONOUN_ES} {V_INTR_FUT_ES} {ADV_ES}? | E97: Intransitive future yes/no question with pronoun subject and adverb | F97: 2pl | G97: 2-intr | H97: FUT | I97: Simple | K97: Active | L97: aff | M97: Yes/no question | N97: Has adverb | P97: =PRODUCT(_xlfn.XLOOKUP(F97,Config!$A$2:$A$15,Config!$B$2:$B$15),_xlfn.XLOOKUP(G97,Config!$C$2:$C$7,Config!$D$2:$D$7),_xlfn.XLOOKUP(H97,Config!$E$2:$E$5,Config!$F$2:$F$5),_xlfn.XLOOKUP(I97,Config!$G$2:$G$3,Config!$H$2:$H$3),_xlfn.XLOOKUP(J97,Config!$I$2:$I$3,Config!$J$2:$J$3),_xlfn.XLOOKUP(K97,Config!$K$2:$K$3,Config!$L$2:$L$3),_xlfn.XLOOKUP(L97,Config!$M$2:$M$3,Config!$N$2:$N$3),_xlfn.XLOOKUP(M97,Config!$O$2:$O$6,Config!$P$2:$P$6)) -> 0.00035767437 | Q97: 1 | R97: =P97*Q97*Config!$B$19 -> 0.00026286077
A98: 97 | B98: {YN_Q_MARKER} {V_INTR_FUT}? | C98: {WILL_EN} {SUBJ_PRONOUN_EN} {V_INTR_BASE_EN}? | D98: ¿{SUBJ_PRONOUN_ES} {V_INTR_FUT_ES}? | E98: Intransitive future yes/no question with pronoun subject. | F98: 2pl | G98: 2-intr | H98: FUT | I98: Simple | K98: Active | L98: aff | M98: Yes/no question | N98: None | P98: =PRODUCT(_xlfn.XLOOKUP(F98,Config!$A$2:$A$15,Config!$B$2:$B$15),_xlfn.XLOOKUP(G98,Config!$C$2:$C$7,Config!$D$2:$D$7),_xlfn.XLOOKUP(H98,Config!$E$2:$E$5,Config!$F$2:$F$5),_xlfn.XLOOKUP(I98,Config!$G$2:$G$3,Config!$H$2:$H$3),_xlfn.XLOOKUP(J98,Config!$I$2:$I$3,Config!$J$2:$J$3),_xlfn.XLOOKUP(K98,Config!$K$2:$K$3,Config!$L$2:$L$3),_xlfn.XLOOKUP(L98,Config!$M$2:$M$3,Config!$N$2:$N$3),_xlfn.XLOOKUP(M98,Config!$O$2:$O$6,Config!$P$2:$P$6)) -> 0.00035767437 | Q98: 1 | R98: =P98*Q98*Config!$B$19 -> 0.00026286077
A99: 98 | B99: {YN_Q_MARKER} {V_INTR_FUT} {ADV} ? | C99: {WILL_EN} {SUBJ_PRONOUN_EN} {V_INTR_BASE_EN} {ADV_EN}? | D99: ¿{SUBJ_PRONOUN_ES} {V_INTR_FUT_ES} {ADV_ES}? | E99: Intransitive future yes/no question with pronoun subject and adverb | F99: 3sg | G99: 2-intr | H99: FUT | I99: Simple | K99: Active | L99: aff | M99: Yes/no question | N99: Has adverb | O99: Will you dance tomorrow? | P99: =PRODUCT(_xlfn.XLOOKUP(F99,Config!$A$2:$A$15,Config!$B$2:$B$15),_xlfn.XLOOKUP(G99,Config!$C$2:$C$7,Config!$D$2:$D$7),_xlfn.XLOOKUP(H99,Config!$E$2:$E$5,Config!$F$2:$F$5),_xlfn.XLOOKUP(I99,Config!$G$2:$G$3,Config!$H$2:$H$3),_xlfn.XLOOKUP(J99,Config!$I$2:$I$3,Config!$J$2:$J$3),_xlfn.XLOOKUP(K99,Config!$K$2:$K$3,Config!$L$2:$L$3),_xlfn.XLOOKUP(L99,Config!$M$2:$M$3,Config!$N$2:$N$3),_xlfn.XLOOKUP(M99,Config!$O$2:$O$6,Config!$P$2:$P$6)) -> 0.00049363247 | Q99: 1 | R99: =P99*Q99*Config!$B$19 -> 0.0003627786
A100: 99 | B100: {YN_Q_MARKER} {V_INTR_FUT}? | C100: {WILL_EN} {SUBJ_PRONOUN_EN} {V_INTR_BASE_EN}? | D100: ¿{V_INTR_FUT_ES}? | E100: Intransitive future yes/no question with pronoun subject (not showing in Spanish) | F100: 3sg | G100: 2-intr | H100: FUT | I100: Simple | K100: Active | L100: aff | M100: Yes/no question | N100: ES: Headless | O100: Will I go? | P100: =PRODUCT(_xlfn.XLOOKUP(F100,Config!$A$2:$A$15,Config!$B$2:$B$15),_xlfn.XLOOKUP(G100,Config!$C$2:$C$7,Config!$D$2:$D$7),_xlfn.XLOOKUP(H100,Config!$E$2:$E$5,Config!$F$2:$F$5),_xlfn.XLOOKUP(I100,Config!$G$2:$G$3,Config!$H$2:$H$3),_xlfn.XLOOKUP(J100,Config!$I$2:$I$3,Config!$J$2:$J$3),_xlfn.XLOOKUP(K100,Config!$K$2:$K$3,Config!$L$2:$L$3),_xlfn.XLOOKUP(L100,Config!$M$2:$M$3,Config!$N$2:$N$3),_xlfn.XLOOKUP(M100,Config!$O$2:$O$6,Config!$P$2:$P$6)) -> 0.00049363247 | Q100: 1 | R100: =P100*Q100*Config!$B$19 -> 0.0003627786
A101: 100 | B101: {YN_Q_MARKER} {V_INTR_FUT}? | C101: {WILL_EN} {SUBJ_PRONOUN_EN} {V_INTR_BASE_EN}? | D101: ¿{SUBJ_PRONOUN_ES} {V_INTR_FUT_ES}? | E101: Intransitive future yes/no question with pronoun subject. | F101: 3sg | G101: 2-intr | H101: FUT | I101: Simple | K101: Active | L101: aff | M101: Yes/no question | N101: None | O101: Will I go? | P101: =PRODUCT(_xlfn.XLOOKUP(F101,Config!$A$2:$A$15,Config!$B$2:$B$15),_xlfn.XLOOKUP(G101,Config!$C$2:$C$7,Config!$D$2:$D$7),_xlfn.XLOOKUP(H101,Config!$E$2:$E$5,Config!$F$2:$F$5),_xlfn.XLOOKUP(I101,Config!$G$2:$G$3,Config!$H$2:$H$3),_xlfn.XLOOKUP(J101,Config!$I$2:$I$3,Config!$J$2:$J$3),_xlfn.XLOOKUP(K101,Config!$K$2:$K$3,Config!$L$2:$L$3),_xlfn.XLOOKUP(L101,Config!$M$2:$M$3,Config!$N$2:$N$3),_xlfn.XLOOKUP(M101,Config!$O$2:$O$6,Config!$P$2:$P$6)) -> 0.00049363247 | Q101: 1 | R101: =P101*Q101*Config!$B$19 -> 0.0003627786
A102: 101 | B102: {YN_Q_MARKER} {V_INTR_FUT} {ADV} {NP}? | C102: {WILL_EN} {NP_EN} {V_INTR_BASE_EN} {ADV_EN}? | D102: ¿{NP_ES} {V_INTR_FUT_ES} {ADV_ES}? | E102: Intransitive future yes/no question with adverb. | F102: 3sg - Noun | G102: 2-intr | H102: FUT | I102: Simple | K102: Active | L102: aff | M102: Yes/no question | N102: Has adverb | O102: Will the child run quickly? | P102: =PRODUCT(_xlfn.XLOOKUP(F102,Config!$A$2:$A$15,Config!$B$2:$B$15),_xlfn.XLOOKUP(G102,Config!$C$2:$C$7,Config!$D$2:$D$7),_xlfn.XLOOKUP(H102,Config!$E$2:$E$5,Config!$F$2:$F$5),_xlfn.XLOOKUP(I102,Config!$G$2:$G$3,Config!$H$2:$H$3),_xlfn.XLOOKUP(J102,Config!$I$2:$I$3,Config!$J$2:$J$3),_xlfn.XLOOKUP(K102,Config!$K$2:$K$3,Config!$L$2:$L$3),_xlfn.XLOOKUP(L102,Config!$M$2:$M$3,Config!$N$2:$N$3),_xlfn.XLOOKUP(M102,Config!$O$2:$O$6,Config!$P$2:$P$6)) -> 0.00049363247 | Q102: 1 | R102: =P102*Q102*Config!$B$19 -> 0.0003627786
A103: 102 | B103: {YN_Q_MARKER} {V_INTR_FUT} {NP}? | C103: {WILL_EN} {NP_EN} {V_INTR_BASE_EN}? | D103: ¿{NP_ES} {V_INTR_FUT_ES}? | E103: Yes/no question for intransitive in the future | F103: 3sg - Noun | G103: 2-intr | H103: FUT | I103: Simple | K103: Active | L103: aff | M103: Yes/no question | N103: None | O103: Will the jaguar run? | P103: =PRODUCT(_xlfn.XLOOKUP(F103,Config!$A$2:$A$15,Config!$B$2:$B$15),_xlfn.XLOOKUP(G103,Config!$C$2:$C$7,Config!$D$2:$D$7),_xlfn.XLOOKUP(H103,Config!$E$2:$E$5,Config!$F$2:$F$5),_xlfn.XLOOKUP(I103,Config!$G$2:$G$3,Config!$H$2:$H$3),_xlfn.XLOOKUP(J103,Config!$I$2:$I$3,Config!$J$2:$J$3),_xlfn.XLOOKUP(K103,Config!$K$2:$K$3,Config!$L$2:$L$3),_xlfn.XLOOKUP(L103,Config!$M$2:$M$3,Config!$N$2:$N$3),_xlfn.XLOOKUP(M103,Config!$O$2:$O$6,Config!$P$2:$P$6)) -> 0.00049363247 | Q103: 1 | R103: =P103*Q103*Config!$B$19 -> 0.0003627786
A104: 103 | B104: {YN_Q_MARKER} {V_INTR_FUT} {ADV} ? | C104: {WILL_EN} {SUBJ_PRONOUN_EN} {V_INTR_BASE_EN} {ADV_EN}? | D104: ¿{SUBJ_PRONOUN_ES} {V_INTR_FUT_ES} {ADV_ES}? | E104: Intransitive future yes/no question with pronoun subject and adverb | F104: 3pl | G104: 2-intr | H104: FUT | I104: Simple | K104: Active | L104: aff | M104: Yes/no question | N104: Has adverb | P104: =PRODUCT(_xlfn.XLOOKUP(F104,Config!$A$2:$A$15,Config!$B$2:$B$15),_xlfn.XLOOKUP(G104,Config!$C$2:$C$7,Config!$D$2:$D$7),_xlfn.XLOOKUP(H104,Config!$E$2:$E$5,Config!$F$2:$F$5),_xlfn.XLOOKUP(I104,Config!$G$2:$G$3,Config!$H$2:$H$3),_xlfn.XLOOKUP(J104,Config!$I$2:$I$3,Config!$J$2:$J$3),_xlfn.XLOOKUP(K104,Config!$K$2:$K$3,Config!$L$2:$L$3),_xlfn.XLOOKUP(L104,Config!$M$2:$M$3,Config!$N$2:$N$3),_xlfn.XLOOKUP(M104,Config!$O$2:$O$6,Config!$P$2:$P$6)) -> 0.00018511218 | Q104: 1 | R104: =P104*Q104*Config!$B$19 -> 0.00013604198
A105: 104 | B105: {YN_Q_MARKER} {V_INTR_FUT}? | C105: {WILL_EN} {SUBJ_PRONOUN_EN} {V_INTR_BASE_EN}? | D105: ¿{SUBJ_PRONOUN_ES} {V_INTR_FUT_ES}? | E105: Intransitive future yes/no question with pronoun subject. | F105: 3pl | G105: 2-intr | H105: FUT | I105: Simple | K105: Active | L105: aff | M105: Yes/no question | N105: None | P105: =PRODUCT(_xlfn.XLOOKUP(F105,Config!$A$2:$A$15,Config!$B$2:$B$15),_xlfn.XLOOKUP(G105,Config!$C$2:$C$7,Config!$D$2:$D$7),_xlfn.XLOOKUP(H105,Config!$E$2:$E$5,Config!$F$2:$F$5),_xlfn.XLOOKUP(I105,Config!$G$2:$G$3,Config!$H$2:$H$3),_xlfn.XLOOKUP(J105,Config!$I$2:$I$3,Config!$J$2:$J$3),_xlfn.XLOOKUP(K105,Config!$K$2:$K$3,Config!$L$2:$L$3),_xlfn.XLOOKUP(L105,Config!$M$2:$M$3,Config!$N$2:$N$3),_xlfn.XLOOKUP(M105,Config!$O$2:$O$6,Config!$P$2:$P$6)) -> 0.00018511218 | Q105: 1 | R105: =P105*Q105*Config!$B$19 -> 0.00013604198
A106: 105 | B106: {NEG_PRE} {V_INTR_FUT} {NEG_SUF} {NP}. | C106: {NP_EN} {WILL_NEG_EN} {V_INTR_BASE_EN}. | D106: {NP_ES} no {V_INTR_FUT_ES}. | E106: Negative intransitive future tense | F106: 3sg - Noun | G106: 2-intr | H106: FUT | I106: Simple | K106: Active | L106: neg | M106: Statement | N106: None | O106: The doctor will not run. | P106: =PRODUCT(_xlfn.XLOOKUP(F106,Config!$A$2:$A$15,Config!$B$2:$B$15),_xlfn.XLOOKUP(G106,Config!$C$2:$C$7,Config!$D$2:$D$7),_xlfn.XLOOKUP(H106,Config!$E$2:$E$5,Config!$F$2:$F$5),_xlfn.XLOOKUP(I106,Config!$G$2:$G$3,Config!$H$2:$H$3),_xlfn.XLOOKUP(J106,Config!$I$2:$I$3,Config!$J$2:$J$3),_xlfn.XLOOKUP(K106,Config!$K$2:$K$3,Config!$L$2:$L$3),_xlfn.XLOOKUP(L106,Config!$M$2:$M$3,Config!$N$2:$N$3),_xlfn.XLOOKUP(M106,Config!$O$2:$O$6,Config!$P$2:$P$6)) -> 0.00034844645 | Q106: 1 | R106: =P106*Q106*Config!$B$19 -> 0.00025607901
A107: 106 | B107: {NEG_PRE} {V_INTR_FUT} {NEG_SUF} {POSS_NP}. | C107: {POSS_NP_EN} {WILL_NEG_EN} {V_INTR_BASE_EN}. | D107: {POSS_NP_ES} no {V_INTR_FUT_ES}. | E107: Negative intransitive future tensewith possessed subject | F107: 3sg - Possesed noun | G107: 2-intr | H107: FUT | I107: Simple | K107: Active | L107: neg | M107: Statement | N107: None | O107: My wife will not sleep. | P107: =PRODUCT(_xlfn.XLOOKUP(F107,Config!$A$2:$A$15,Config!$B$2:$B$15),_xlfn.XLOOKUP(G107,Config!$C$2:$C$7,Config!$D$2:$D$7),_xlfn.XLOOKUP(H107,Config!$E$2:$E$5,Config!$F$2:$F$5),_xlfn.XLOOKUP(I107,Config!$G$2:$G$3,Config!$H$2:$H$3),_xlfn.XLOOKUP(J107,Config!$I$2:$I$3,Config!$J$2:$J$3),_xlfn.XLOOKUP(K107,Config!$K$2:$K$3,Config!$L$2:$L$3),_xlfn.XLOOKUP(L107,Config!$M$2:$M$3,Config!$N$2:$N$3),_xlfn.XLOOKUP(M107,Config!$O$2:$O$6,Config!$P$2:$P$6)) -> 0.00034844645 | Q107: 1 | R107: =P107*Q107*Config!$B$19 -> 0.00025607901
...

Sheet Sheet1
A1: id | B1: kek | C1: en | D1: es | E1: description | F1: Subject | G1: Transitivity | H1: Tense | I1: Aspect | J1: Mood | K1: Voice | L1: Polarity | M1: Q/S/C | N1: Modifier | O1: example_en | P1: p_value | Q1: variant_dist | R1: p_value_norm | S1: Notes
A2: 549 | B2: {NEG_PRE} Aj {PLACE}-{AFFIX_PRONOUN} {NEG_SUF}. | C2: {SUBJ_PRONOUN_EN} {BE_EN} not from {PLACE_EN}. | D2: {SUBJ_PRONOUN_ES} no {V_SER_ES} de {PLACE_ES}. | E2: Negated origin predicate. | F2: 1sg | G2: 1-cop | H2: PRS | I2: Simple | J2: ind | K2: Active | L2: neg | M2: Statement | S2: Placeholders: existing; New placeholders: none. SAFE: Unknown until negation for 'Aj PLACE-AFFIX' predicate is validated in Q'eqchi generator.
A3: 550 | B3: {NEG_PRE} {OCCUPATION}-{AFFIX_PRONOUN} {NEG_SUF}. | C3: {SUBJ_PRONOUN_EN} {BE_EN} not {OCCUPATION_EN}. | D3: {SUBJ_PRONOUN_ES} no {V_SER_ES} {OCCUPATION_ES}. | E3: Negated occupation predicate. | F3: 1sg | G3: 1-cop | H3: PST | I3: Simple | J3: ind | K3: Active | L3: neg | M3: Statement | S3: Placeholders: existing; New placeholders: none. SAFE: Likely if negation wrapper works for predicate-noun + affix pronoun; validate.
A4: 551 | B4: Aj {PLACE}-{AFFIX_PRONOUN}, k'ut {NEG_PRE} {OCCUPATION}-{AFFIX_PRONOUN} {NEG_SUF}. | C4: {SUBJ_PRONOUN_EN} {BE_EN} from {PLACE_EN}, but {SUBJ_PRONOUN_EN} {BE_EN} not {OCCUPATION_EN}. | D4: {SUBJ_PRONOUN_ES} {V_SER_ES} de {PLACE_ES}, pero no {V_SER_ES} {OCCUPATION_ES}. | E4: Coordinate/contrast: origin + neg occupation. | F4: 1sg | G4: 1-cop | H4: FUT | I4: Simple | J4: ind | K4: Active | M4: Statement | S4: Placeholders: existing; New placeholders: none. SAFE: No (Polarity mix; validate conjunction + negation composition). (Mixed polarity across clauses.)
A5: 552 | B5: {NEG_PRE} Aj {PLACE}-{AFFIX_PRONOUN} {NEG_SUF}, k'ut {OCCUPATION}-{AFFIX_PRONOUN}. | C5: {SUBJ_PRONOUN_EN} {BE_EN} not from {PLACE_EN}, but {SUBJ_PRONOUN_EN} {BE_EN} {OCCUPATION_EN}. | D5: {SUBJ_PRONOUN_ES} no {V_SER_ES} de {PLACE_ES}, pero {V_SER_ES} {OCCUPATION_ES}. | E5: Coordinate/contrast: neg origin + occupation. | F5: 1sg | G5: 1-cop | H5: PRS | I5: Simple | J5: ind | K5: Active | M5: Statement | S5: Placeholders: existing; New placeholders: none. SAFE: No (needs validated neg origin + contrast conjunction composition). (Mixed polarity across clauses.)
A6: 553 | B6: K'o {OBJECT} chi {PLACE}. | C6: There is {OBJECT_EN} in {PLACE_EN}. | D6: Hay {OBJECT_ES} en {PLACE_ES}. | E6: Existential: singular object in place. | F6: 3sg | G6: exist | H6: PST | I6: Simple | J6: ind | K6: Active | L6: aff | M6: Statement | S6: SAFE: Yes. Uses existing existential construction (k'o). Placeholders: existing.
A7: 554 | B7: K'o {OBJECT_PL} chi {PLACE}. | C7: There are {OBJECT_PL_EN} in {PLACE_EN}. | D7: Hay {OBJECT_PL_ES} en {PLACE_ES}. | E7: Existential: plural objects in place. | F7: 3pl | G7: exist | H7: FUT | I7: Simple | J7: ind | K7: Active | L7: aff | M7: Statement | S7: SAFE: Yes. Uses existing existential construction (k'o). Placeholders: existing.
A8: 555 | B8: {VERB_INTR}{AFFIX_PRONOUN} junel chi {TIME_UNIT}. | C8: {SUBJ_PRONOUN_EN} {VERB_EN} every {TIME_UNIT_EN}. | D8: {SUBJ_PRONOUN_ES} {VERB_ES} cada {TIME_UNIT_ES}. | E8: Habitual intransitive action. | F8: 1sg | G8: intr | H8: PRS | I8: Simple | J8: ind | K8: Active | L8: aff | M8: Statement | S8: SAFE: Yes. Habitual frame with junel chi. Placeholders: existing.
A9: 556 | B9: {VERB_TR}{AFFIX_PRONOUN} {OBJECT} junel chi {TIME_UNIT}. | C9: {SUBJ_PRONOUN_EN} {VERB_EN} {OBJECT_EN} every {TIME_UNIT_EN}. | D9: {SUBJ_PRONOUN_ES} {VERB_ES} {OBJECT_ES} cada {TIME_UNIT_ES}. | E9: Habitual transitive action. | F9: 1sg | G9: tr | H9: PST | I9: Simple | J9: ind | K9: Active | L9: aff | M9: Statement | S9: SAFE: Yes. Habitual frame with junel chi. Placeholders: existing.
A10: 557 | B10: {VERB_INTR}{AFFIX_PRONOUN} chi {PLACE}. | C10: {SUBJ_PRONOUN_EN} {VERB_EN} to {PLACE_EN}. | D10: {SUBJ_PRONOUN_ES} {VERB_ES} a {PLACE_ES}. | E10: Motion to place (intransitive). | F10: 1sg | G10: intr | H10: FUT | I10: Simple | J10: ind | K10: Active | L10: aff | M10: Statement | S10: SAFE: Yes. Simple motion-to-place. Placeholders: existing.
A11: 558 | B11: Aj {PLACE}-{AFFIX_PRONOUN}. {OCCUPATION}{AFFIX_PRONOUN}. | C11: {SUBJ_PRONOUN_EN} {BE_EN} from {PLACE_EN}. {SUBJ_PRONOUN_EN} {BE_EN} {OCCUPATION_EN}. | D11: {SUBJ_PRONOUN_ES} {V_SER_ES} de {PLACE_ES}. {SUBJ_PRONOUN_ES} {V_SER_ES} {OCCUPATION_ES}. | E11: Two-sentence pair: origin + occupation (same pronoun subject). | F11: 1sg | G11: PAIR-2S | H11: PRS | I11: Simple | K11: Active | L11: aff | M11: Statement | Q11: 1
A12: 559 | B12: Aj {PLACE} {NAME}. {SUBJ_PRONOUN} {OCCUPATION}. | C12: {NAME_EN} {BE_EN} from {PLACE_EN}. {SUBJ_PRONOUN_EN} {BE_EN} {OCCUPATION_EN}. | D12: {NAME_ES} {V_SER_ES} de {PLACE_ES}. {SUBJ_PRONOUN_ES} {V_SER_ES} {OCCUPATION_ES}. | E12: Two-sentence pair: origin (name) + occupation (pronoun coref to name). | F12: 3sg - Name | G12: PAIR-2S | H12: PRS | I12: Simple | K12: Active | L12: aff | M12: Statement | Q12: 1 | S12: Coreference relies on generator choosing 3sg pronoun in sentence 2; gender may be random unless tied to NAME metadata.
A13: 560 | B13: {OCCUPATION} {NAME}. Aj {PLACE} {NAME}. | C13: {NAME_EN} {BE_EN} {OCCUPATION_EN}. {NAME_EN} {BE_EN} from {PLACE_EN}. | D13: {NAME_ES} {V_SER_ES} {OCCUPATION_ES}. {NAME_ES} {V_SER_ES} de {PLACE_ES}. | E13: Two-sentence pair: occupation + origin (repeat name for strict coreference). | F13: 3sg - Name | G13: PAIR-2S | H13: PRS | I13: Simple | K13: Active | L13: aff | M13: Statement | Q13: 1
A14: 561 | B14: {EXIST} {NP} {WITH_PRON_KEK}. {ADJ} {NP}. | C14: {SUBJ_PRONOUN_EN} {V_POSS_TR_EN} {THEME_NP_INDEF_EN}. {NP_DEF_EN} {BE_EN} {ADJ_EN}. | D14: {SUBJ_PRONOUN_ES} {V_POSS_TR_ES} {THEME_NP_INDEF_ES}. {NP_DEF_ES} {COP_ES} {ADJ_ES}. | E14: Two-sentence pair: possession + anaphoric attribute of the possessed item. | F14: 1sg | G14: PAIR-2S | H14: PRS | I14: Simple | K14: Active | L14: aff | M14: Statement | O14: I have a house. The house is big. | Q14: 1 | S14: Requires NEW placeholders: NP_DEF_EN, NP_DEF_ES (definite anaphoric NP built from the same NP selected in sentence 1). KEK can reuse {NP} because subject-article insertion already yields 'li' for subjects.
A15: 562 | B15: {NAME} {V_TR} {THEME_NP}. {ADJ} {THEME_NP}. | C15: {NAME_EN} {V_TR_EN} {THEME_NP_INDEF_EN}. {THEME_NP_DEF_EN} {BE_EN} {ADJ_EN}. | D15: {NAME_ES} {V_TR_ES} {THEME_NP_INDEF_ES}. {THEME_NP_DEF_ES} {COP_ES} {ADJ_ES}. | E15: Two-sentence pair: transitive event + anaphoric attribute of theme (same theme). | F15: 3sg - Name | G15: PAIR-2S | H15: PRS | I15: Simple | K15: Active | L15: aff | M15: Statement | O15: Juan sees a dog. The dog is small. | Q15: 1 | S15: Requires NEW placeholders: THEME_NP_DEF_EN, THEME_NP_DEF_ES (definite anaphoric theme NP). Ensure {THEME_NP} reuse across both sentences keeps KEK coreference.
A16: 563 | B16: {NAME} {V_TR} {THEME_NP}. {ADJ}{AFFIX_PRONOUN}. | C16: {NAME_EN} {V_TR_EN} {THEME_NP_INDEF_EN}. {SUBJ_PRONOUN_EN} {BE_EN} {ADJ_EN}. | D16: {NAME_ES} {V_TR_ES} {THEME_NP_INDEF_ES}. {SUBJ_PRONOUN_ES} {COP_ES} {ADJ_ES}. | E16: Two-sentence pair: transitive event + subject attribute (pronoun coref to name). | F16: 3sg - Name | G16: PAIR-2S | H16: PRS | I16: Simple | K16: Active | L16: aff | M16: Statement | O16: Juan helps a woman. He is kind. | Q16: 1 | S16: Coreference relies on sentence 2 pronoun matching NAME; consider tying pronoun gender to NAME metadata if you want deterministic he/she.
A17: 564 | B17: {ADV} {V_INTR} {SUBJ_PRONOUN}. {ADJ}{AFFIX_PRONOUN}. | C17: {SUBJ_PRONOUN_EN} {V_INTR_EN} {ADV_EN}. {SUBJ_PRONOUN_EN} {BE_EN} {ADJ_EN}. | D17: {SUBJ_PRONOUN_ES} {V_INTR_ES} {ADV_ES}. {SUBJ_PRONOUN_ES} {COP_ES} {ADJ_ES}. | E17: Two-sentence pair: intransitive action (with adverb) + attribute (same pronoun subject). | F17: 3sg | G17: PAIR-2S | H17: PRS | I17: Simple | K17: Active | L17: aff | M17: Statement | O17: He runs quickly. He is tired. | Q17: 1 | S17: Check KEK adverb placement conventions; current pattern mirrors existing 'ADV + V_INTR + SUBJECT' templates used with possessed NPs.

Sheet Config
A1: person | B1: p_person | C1: transitivity | D1: p_transitivity | E1: tense | F1: p_tense | G1: aspect | H1: p_aspect | I1: mood | J1: p_mood | K1: voice | L1: p_voice | M1: polarity | N1: p_polarity | O1: clause_type | P1: p_clause
A2: 1sg | B2: =0.22*0.64 -> 0.1408 | C2: 1-cop | D2: 0.18 | E2: none | F2: 0.05 | G2: Simple | H2: 0.7 | J2: 0.9 | K2: Active | L2: 0.93 | M2: aff | N2: 0.85 | O2: Command | P2: 0.15
A3: 2sg | B3: =0.19*0.64 -> 0.1216 | C3: 2-intr | D3: 0.35 | E3: PRS | F3: 0.55 | G3: PROG | H3: 0.3 | I3: IMP | J3: 0.1 | K3: Passive | L3: 0.07 | M3: neg | N3: 0.15 | O3: Statement | P3: 0.6
A4: 3sg | B4: =0.59*0.64*1/4 -> 0.0944 | C4: 3-tr | D4: 0.27 | E4: FUT | F4: 0.2 | O4: Yes/No question | P4: 0.15
A5: 3sg - Name | B5: =0.59*0.64*1/4 -> 0.0944 | C5: 4-tr-have | D5: 0.07 | E5: PST | F5: 0.2 | O5: When question | P5: 0.05
A6: 3sg - Noun | B6: =0.59*0.64*1/4 -> 0.0944 | C6: 5-ditr | D6: 0.09 | O6: Where question | P6: 0.05
A7: 3sg - Possesed noun | B7: =0.59*0.64*1/4 -> 0.0944 | C7: 6-exist | D7: 0.04
A8: 1pl | B8: =0.22*0.36 -> 0.0792
A9: 2pl | B9: =0.19*0.36 -> 0.0684
A10: 3pl | B10: =0.59*0.36*1/6 -> 0.0354
A11: 3pl - Noun def | B11: =0.59*0.36*1/6 -> 0.0354
A12: 3pl - Noun def with attribute | B12: =0.59*0.36*1/6 -> 0.0354
A13: 3pl - Noun indef | B13: =0.59*0.36*1/6 -> 0.0354
A14: 3pl - Noun indef with numeral | B14: =0.59*0.36*1/6 -> 0.0354
A15: 3pl - Possessed noun | B15: =0.59*0.36*1/6 -> 0.0354
A18: Sum of all p_ | B18: =SUM(full_list!P:P) -> 1.360699
A19: Normalization | B19: =1/B18 -> 0.73491642

Sheet Medical
A1: id | B1: kek | C1: en | D1: es | E1: description | F1: example_en
A2: M1 | C2: My {BODY_PART} hurts. | D2: Me duele el/la {BODY_PART}. | E2: Patient Self-Description | F2: My knee hurts.
A3: M2 | C3: I have pain in my {BODY_PART}. | D3: Tengo dolor en mi {BODY_PART}. | E3: Patient Self-Description | F3: I have pain in my shoulder.
A4: M3 | C4: There’s a strange feeling in my {BODY_PART}. | D4: Siento una sensación extraña en mi {BODY_PART}. | E4: Patient Self-Description | F4: There’s a strange feeling in my arm.
A5: M4 | C5: My {BODY_PART} feels numb. | D5: Mi {BODY_PART} está entumecido/a. | E5: Patient Self-Description | F5: My hand feels numb.
A6: M5 | C6: My {BODY_PART} tingles. | D6: Siento hormigueo en mi {BODY_PART}. | E6: Patient Self-Description | F6: My fingers tingle.
A7: M6 | C7: My {BODY_PART} is swollen. | D7: Mi {BODY_PART} está hinchado/a. | E7: Patient Self-Description | F7: My ankle is swollen.
A8: M7 | C8: I can’t move my {BODY_PART}. | D8: No puedo mover mi {BODY_PART}. | E8: Patient Self-Description | F8: I can’t move my wrist.
A9: M8 | C9: I injured my {BODY_PART}. | D9: Me lastimé el/la {BODY_PART}. | E9: Patient Self-Description | F9: I injured my back.
A10: M9 | C10: My right {BODY_PART} feels weaker than the left. | D10: Mi {BODY_PART} derecho/a se siente más débil que el izquierdo/a. | E10: Patient Self-Description | F10: My right leg feels weaker than the left.
A11: M10 | C11: There’s a lump on my {BODY_PART}. | D11: Tengo un bulto en mi {BODY_PART}. | E11: Patient Self-Description | F11: There’s a lump on my neck.
A12: M11 | C12: Where exactly does your {BODY_PART} hurt? | D12: ¿Dónde exactamente le duele el/la {BODY_PART}? | E12: Doctor Question | F12: Where exactly does your abdomen hurt?
A13: M12 | C13: How long has your {BODY_PART} been hurting? | D13: ¿Desde cuándo le duele el/la {BODY_PART}? | E13: Doctor Question | F13: How long has your shoulder been hurting?
... A42: M41 | C42: My {BODY_PART} is healing. | D42: Mi {BODY_PART} se está curando. | E42: Patient Self-Description | F42: My wound is healing.
